id,ref,nombre,marca,categoria,disponible,url,imagen1,imagen2,imagen3,imagen4,fecha_sync
856904434,240093466,Control Remoto Aire Acondicionado Electrolux,Electrolux,Aire acondicionado,SI,,https://electroluxcl.vteximg.com.br/arquivos/ids/191942-800-800/240093466.png,,,,2026-09-30T03:29:17Z
control-240072863,240072863,Entrada Manga Tubo Aire Acondicionado Portátil Electrolux EAP10,Electrolux,Aire acondicionado,NO,,https://electroluxcl.vteximg.com.br/arquivos/ids/190902/240072863--3-.png?v=639001871807670000,,,,2026-09-30T03:29:17Z
856904436,240093488,Filtro Aire Acondicionado Electrolux 18.000 BTU,Electrolux,Aire acondicionado,SI,,https://electroluxcl.vteximg.com.br/arquivos/ids/191946-800-800/240093488.jpg,,,,2026-09-30T03:29:17Z
856904435,240093454,Filtro Aire Acondicionado Electrolux 9000 BTU,Electrolux,Aire acondicionado,SI,,https://electroluxcl.vteximg.com.br/arquivos/ids/191945-800-800/240093454.png,,,,2026-09-30T03:29:17Z
856904437,240093469,Filtro Ambientador Aire Acondicionado Inverter Electrolux,Electrolux,Aire acondicionado,SI,,https://electroluxcl.vteximg.com.br/arquivos/ids/191947-800-800/240093469--1-.png,,,,2026-09-30T03:29:17Z
856902088,240091585,Filtro Carbón Activo Purificador Aire Electrolux Well A7,Electrolux,Aire acondicionado,SI,,https://electroluxcl.vteximg.com.br/arquivos/ids/199709-800-800/240091585.png,,,,2026-09-30T03:29:17Z
control-240091584,240091584,Filtro HEPA Purificador Aire Electrolux Well A7,Electrolux,Aire acondicionado,NO,,https://electroluxcl.vteximg.com.br/arquivos/ids/198967/240091584.png?v=639207717329500000,,,,2026-09-30T03:29:17Z
856901310,240072865,Manga Tubo Aire Acondicionado Portátil Electrolux EAP10B5TBPW/12B5TSCRW,Electrolux,Aire acondicionado,SI,,https://electroluxcl.vteximg.com.br/arquivos/ids/190893-800-800/32_240072865_01_2000px.jpg,,,,2026-09-30T03:29:17Z
856902322,240072864,Salida Manga Tubo Aire Acondicionado Portátil Electrolux EAP10B5TBPW/12B5TSCRW,Electrolux,Aire acondicionado,SI,,https://electroluxcl.vteximg.com.br/arquivos/ids/192461-800-800/240072864 -1-.png,,,,2026-09-30T03:29:17Z
856904332,A07668801,Soporte Aire Acondicionado Electrolux 18.000 a 30.000 BTU,Electrolux,Aire acondicionado,SI,,https://electroluxcl.vteximg.com.br/arquivos/ids/189331-800-800/A07668801_2.png,,,,2026-09-30T03:29:17Z
856900206,S135000691,Barre Alfombra Con Ruedas Apiradora 32 mm,Electrolux,Aspirado,SI,,https://electroluxcl.vteximg.com.br/arquivos/ids/189522-800-800/4_S135000691_01_2000px.jpg,,,,2026-09-30T03:29:17Z
856901670,240085419,Baterías Aspiradora Robot Electrolux Pure I9,Electrolux,Aspirado,SI,,https://electroluxcl.vteximg.com.br/arquivos/ids/189511-800-800/240085419_01_2000px.jpg,,,,2026-09-30T03:29:17Z
65410000,240066541,Bolsa Sintética Aspiradora Original Electrolux 4 Un,Electrolux,Aspirado,SI,,https://electroluxcl.vteximg.com.br/arquivos/ids/157743-800-800/kit-bolsa.png,,,,2026-09-30T03:29:17Z
856903166,240088788,Boquilla 2 en 1 Aspiradora Electrolux PTE10,Electrolux,Aspirado,SI,,https://electroluxcl.vteximg.com.br/arquivos/ids/189094-800-800/Designer--3-.png,,,,2026-09-30T03:29:17Z
856903164,240088770,Boquilla Cepillo Aspiradora Vertical Electrolux PTE10,Electrolux,Aspirado,SI,,https://electroluxcl.vteximg.com.br/arquivos/ids/189593-800-800/240088770_02_2000px.jpg,,,,2026-09-30T03:29:17Z
856903161,240088749,Boquilla Piso Aspiradora Electrolux PTE10,Electrolux,Aspirado,SI,,https://electroluxcl.vteximg.com.br/arquivos/ids/189087-800-800/Designer--3-.png,,,,2026-09-30T03:29:17Z
856901676,240085434,Cargador Aspiradora Electrolux ERG21/22,Electrolux,Aspirado,SI,,https://electroluxcl.vteximg.com.br/arquivos/ids/179224-800-800/240085434-3.jpg,,,,2026-09-30T03:29:17Z
856901682,240085440,Cargador Aspiradora Electrolux PURE I9,Electrolux,Aspirado,SI,,https://electroluxcl.vteximg.com.br/arquivos/ids/179222-800-800/240085440.jpg,,,,2026-09-30T03:29:17Z
71130000,240077113,Escobilla Universal Grande Aspiradoras,Multimarca,Aspirado,SI,,https://electroluxcl.vteximg.com.br/arquivos/ids/157239-800-800/IMG-11.jpg,,,,2026-09-30T03:29:17Z
856900637,240084205,Filtro Aspiradora Electrolux POW01,Electrolux,Aspirado,SI,,https://electroluxcl.vteximg.com.br/arquivos/ids/178353-800-800/ultra-power-1.jpg,,,,2026-09-30T03:29:17Z
856902081,240087946,Filtro Aspiradora Somela SCA20/21/22,Somela,Aspirado,SI,,https://electroluxcl.vteximg.com.br/arquivos/ids/178341-800-800/3D_frente_1500x1500.jpg,,,,2026-09-30T03:29:17Z
control-240084203,240084203,Filtro Aspiradora Vertical Electrolux STK10/ATOM,Electrolux,Aspirado,NO,,https://electroluxcl.vteximg.com.br/arquivos/ids/177964/ATOM-1.png?v=638333350968230000,,,,2026-09-30T03:29:17Z
856900633,240084201,Filtro Cónico Aspiradora Vertical Electrolux ERG21/23/25/25N,Electrolux,Aspirado,SI,,https://electroluxcl.vteximg.com.br/arquivos/ids/177956-800-800/Foto-frontal-.jpg,,,,2026-09-30T03:29:17Z
856902771,240088894,Filtro Esponja Aspiradora Vertical Electrolux PTE10,Electrolux,Aspirado,SI,,https://electroluxcl.vteximg.com.br/arquivos/ids/189588-800-800/240088894_01_2000px.jpg,,,,2026-09-30T03:29:17Z
856900209,S135000695,Filtro HEPA Aspiradora Electrolux ESF1W/PFC02/CYC01/USR31,Electrolux,Aspirado,SI,,https://electroluxcl.vteximg.com.br/arquivos/ids/162971-800-800/135000695-01ACCESORIO-EFS1W-P050740-1000x1000px.jpg,,,,2026-09-30T03:29:17Z
856902772,240088467,Filtro HEPA Aspiradora SCA30,Marca por confirmar,Aspirado,SI,,https://electroluxcl.vteximg.com.br/arquivos/ids/191227-800-800/240088476_01_2000px.jpg,,,,2026-09-30T03:29:17Z
control-240088476,240088476,Filtro HEPA Aspiradora SCA40 Filtro HEPA Aspiradora Somela SCA40,Multimarca,Aspirado,NO,,https://electroluxcl.vteximg.com.br/arquivos/ids/190529/240088476_01_2000px.jpg?v=638994599704770000,,,,2026-09-30T03:29:17Z
856900526,240077112,Filtro Hepa Aspiradora Universal 119x148x25 mm,Electrolux,Aspirado,SI,,https://electroluxcl.vteximg.com.br/arquivos/ids/164777-800-800/240077112-Filtro-1-1000.jpg,,,,2026-09-30T03:29:17Z
856902770,240088780,Filtro Salida Aire Aspiradora Vertical Electrolux PTE10,Electrolux,Aspirado,SI,,https://electroluxcl.vteximg.com.br/arquivos/ids/189093-800-800/Designer--3-.png,,,,2026-09-30T03:29:17Z
control-240084211,240084211,Filtros Aspiradora Vertical Electrolux Pure F9,Electrolux,Aspirado,NO,,https://electroluxcl.vteximg.com.br/arquivos/ids/190919/240084211_01_2000px.jpg?v=639002082682070000,,,,2026-09-30T03:29:17Z
856900643,240084213,Manguera Aspiradora Electrolux GT20N/GT30N,Electrolux,Aspirado,SI,,https://electroluxcl.vteximg.com.br/arquivos/ids/189861-800-800/240084213_01_2000px.jpg,,,,2026-09-30T03:29:17Z
856902769,240088763,Micro Filtro Aspiradora Vertical Electrolux PTE10,Electrolux,Aspirado,SI,,https://electroluxcl.vteximg.com.br/arquivos/ids/189090-800-800/Designer--3-.png,,,,2026-09-30T03:29:17Z
control-A30305901,A30305901,Paño Microfibra Limpieza Aspiradora Robot Electrolux ERB80,Electrolux,Aspirado,NO,,https://electroluxcl.vteximg.com.br/arquivos/ids/195324/A30305901.jpg?v=639119727841500000,,,,2026-09-30T03:29:17Z
856901985,240077221,Bobina Encendido Estufa Parafina,Mademsa,Calefacción,SI,,https://electroluxcl.vteximg.com.br/arquivos/ids/179200-800-800/240077221.jpg,,,,2026-09-30T03:29:17Z
856902220,D8101200,Bomba Electromagnética Estufa Parafina FHK960/MFHK560,Fensa,Calefacción,SI,,https://electroluxcl.vteximg.com.br/arquivos/ids/179854-800-800/D8101200-Bomba-FHK-3cuartos1-1000.jpg,,,,2026-09-30T03:29:17Z
856902191,C09612475,Bomba Electromagnética Estufa Parafina FHK990/1050/MFHK590,Fensa,Calefacción,SI,,https://electroluxcl.vteximg.com.br/arquivos/ids/179857-800-800/C09612475-Bomba-990-3cuartos1-1000.jpg,,,,2026-09-30T03:29:17Z
856902192,C09613366,Bomba Electromagnética Estufa Parafina MFHK540,Mademsa,Calefacción,SI,,https://electroluxcl.vteximg.com.br/arquivos/ids/179860-800-800/C09613366-Bomba-1-1000.jpg,,,,2026-09-30T03:29:17Z
856904279,240077223,Botón Interruptor Encendido Estufa Mademsa Fiamma Pro,Mademsa,Calefacción,SI,,https://electroluxcl.vteximg.com.br/arquivos/ids/189911-800-800/240077223_01_2000px.jpg,,,,2026-09-30T03:29:17Z
856904308,240083969,Estanque Removible Parafina Estufa Fensa FHK990/1050,Fensa,Calefacción,SI,,https://electroluxcl.vteximg.com.br/arquivos/ids/189923-800-800/240083969_01_2000px.jpg,,,,2026-09-30T03:29:17Z
856904307,240083968,Estanque Removible Parafina Estufa Mademsa MFHK540/550,Mademsa,Calefacción,SI,,https://electroluxcl.vteximg.com.br/arquivos/ids/189882-800-800/240083968_01_2000px.jpg,,,,2026-09-30T03:29:17Z
856900556,C0961236K,Filtro Estufa Parafina FHK950/990MFHK550/590,Fensa,Calefacción,SI,,https://electroluxcl.vteximg.com.br/arquivos/ids/189426-800-800/C0961236K--2-.png,,,,2026-09-30T03:29:17Z
856901276,C09612432,Filtro Estufa Parafina Mademsa MFHK540,Fensa,Calefacción,SI,,https://electroluxcl.vteximg.com.br/arquivos/ids/175504-800-800/filtro-parafina-estufa-azul-2--C09612432-.jpg,,,,2026-09-30T03:29:17Z
856900562,C09616446,Filtro Ventilador 540 Estufas Fan Heater Mademsa,Mademsa,Calefacción,SI,,https://electroluxcl.vteximg.com.br/arquivos/ids/164789-800-800/C09616446-Filtro-1-1000.jpg,,,,2026-09-30T03:29:17Z
80720000,240078072,Mecha Estufa Parafina F620/F720/F820/F1020,Fensa,Calefacción,SI,,https://electroluxcl.vteximg.com.br/arquivos/ids/189503-800-800/33_240078072_01_2000px.jpg,,,,2026-09-30T03:29:17Z
856900504,240055834,Mecha Estufa Parafina Fensa Potenza/Volcano 6800/WKH-23 PC,Mademsa,Calefacción,SI,,https://electroluxcl.vteximg.com.br/arquivos/ids/164665-800-800/240055834-Mecha-1000.jpg,,,,2026-09-30T03:29:17Z
856900595,240076939,Mecha Estufa Parafina Fiamma Pro F720+,Mademsa,Calefacción,SI,,https://electroluxcl.vteximg.com.br/arquivos/ids/164834-800-800/240076939-Mecha-1000.jpg,,,,2026-09-30T03:29:17Z
856904793,240097979,Mecha Estufa Parafina Foguita Pro/F 1120+,Electrolux,Calefacción,SI,,https://electroluxcl.vteximg.com.br/arquivos/ids/197151-800-800/240076940_01_2000px.jpg,,,,2026-09-30T03:29:17Z
80730000,240078073,Mecha Estufa Parafina Potenza/Volcano 6800/WKH-23 PK,Mademsa,Calefacción,SI,,https://electroluxcl.vteximg.com.br/arquivos/ids/189429-800-800/240078073-Mecha-2-1000.jpg,,,,2026-09-30T03:29:17Z
856904298,240077220,Módulo Encendido Estufa Fiamma Pro/F720+,Fensa,Calefacción,SI,,https://electroluxcl.vteximg.com.br/arquivos/ids/189876-800-800/240077220_01_2000px.jpg,,,,2026-09-30T03:29:17Z
856901926,240077237,Perilla Estufa  Fiamma Pro Café,Mademsa,Calefacción,SI,,https://electroluxcl.vteximg.com.br/arquivos/ids/179195-800-800/240077237-2.jpg,,,,2026-09-30T03:29:17Z
856901928,240077252,Perilla Mecha Estufa Parafina F 1120+,Fensa,Calefacción,SI,,https://electroluxcl.vteximg.com.br/arquivos/ids/179894-800-800/240077252-5.jpg,,,,2026-09-30T03:29:17Z
856901929,240077253,Perilla Mecha Estufa Parafina Foguita Pro,Mademsa,Calefacción,SI,,https://electroluxcl.vteximg.com.br/arquivos/ids/179121-800-800/240077253.jpg,,,,2026-09-30T03:29:17Z
856901957,240056246,Quemador Estufa Gas 2 Placas Vittale/Fel,Fensa,Calefacción,SI,,https://electroluxcl.vteximg.com.br/arquivos/ids/179862-800-800/240056246Q-Quemador-1-1000.jpg,,,,2026-09-30T03:29:17Z
856902190,C09612394,Quemador Estufa Parafina MFHK550/FHK-950/FHK-32,Mademsa,Calefacción,SI,,https://electroluxcl.vteximg.com.br/arquivos/ids/189870-800-800/C09612394--3-.png,,,,2026-09-30T03:29:17Z
856901242,C09612378,Vaporizador Estufa Parafina FHK950/960/MFHK540/550/560,Fensa,Calefacción,SI,,https://electroluxcl.vteximg.com.br/arquivos/ids/189371-800-800/C09612378--2-.png,,,,2026-09-30T03:29:17Z
856901243,C09612483,Vaporizador Estufa Parafina FHK990/1050/MFHK590,Fensa,Calefacción,SI,,https://electroluxcl.vteximg.com.br/arquivos/ids/173450-800-800/C09612483-Vaporizador-990-1-1000.jpg,,,,2026-09-30T03:29:17Z
control-240078487,240078487,Caja Porta Pilas Calefont Mademsa 240078487-CAJA DE PILAS 7 ECO,Fensa,Calefont,NO,,https://electroluxcl.vteximg.com.br/arquivos/ids/180122/240078487-Caja-pilas-1-1000.jpg?v=638532775429630000,,,,2026-09-30T03:29:17Z
856902313,240072158,Cámara Combustión Calefont Mademsa Forza GL/GN 10 Lt,Fensa,Calefont,SI,,https://electroluxcl.vteximg.com.br/arquivos/ids/179992-800-800/240072158-Camara-1-1000.jpg,,,,2026-09-30T03:29:17Z
856902316,240072173,Cámara Combustión Calefont Mademsa Forza GL/GN 13 Lt,Mademsa,Calefont,SI,,https://electroluxcl.vteximg.com.br/arquivos/ids/190536-800-800/240072173--2-.png,,,,2026-09-30T03:29:17Z
856902372,240078174,Electroválvula Calefont Mademsa Vitality,Mademsa,Calefont,SI,,https://electroluxcl.vteximg.com.br/arquivos/ids/190616-800-800/240078174--2-.png,,,,2026-09-30T03:29:17Z
856900500,240072690,"Flexible Agua Calefont  30 cm 1/2"" 18 mm HI x HI Acero Inox",Mademsa,Calefont,SI,,https://electroluxcl.vteximg.com.br/arquivos/ids/187977-800-800/240072690-3-2000px-2000x2000.raw.jpg,,,,2026-09-30T03:29:17Z
856900593,240072689,"Flexible Agua Calefont  30 cm 1/2"" 18mm HE x HI Acero Inox",Mademsa,Calefont,SI,,https://electroluxcl.vteximg.com.br/arquivos/ids/187971-800-800/240072689-3-2000px-2000x2000.raw.jpg,,,,2026-09-30T03:29:17Z
856900591,240072687,"Flexible Agua Calefont 20 cm 1/2"" 18 mm HE x HI Acero Inox",Mademsa,Calefont,SI,,https://electroluxcl.vteximg.com.br/arquivos/ids/187974-800-800/240072687-3-2000px-2000x2000.raw.jpg,,,,2026-09-30T03:29:17Z
control-240072691,240072691,"Flexible Agua Calefont 40 cm 1/2"" 18 mm HE x HI Acero Inox",Mademsa,Calefont,NO,,https://electroluxcl.vteximg.com.br/arquivos/ids/187702/240072691-1-2000px-2000x2000.raw.jpg?v=638914290680200000,,,,2026-09-30T03:29:17Z
856900594,240072692,"Flexible Agua Calefont 40 cm 1/2"" 18 mm HI x HI Acero Inox",Mademsa,Calefont,SI,,https://electroluxcl.vteximg.com.br/arquivos/ids/187968-800-800/03.--Calefont-Mademsa-Imagen-3-Flex-Agua-40CM-1-2-diam18-2000px-2000x2000.raw.jpg,,,,2026-09-30T03:29:17Z
856901937,C07513089,Membrana Multiválvulas Calefont Mademsa Vitality/Essential,Mademsa,Calefont,SI,,https://electroluxcl.vteximg.com.br/arquivos/ids/179192-800-800/C07513089.jpg,,,,2026-09-30T03:29:17Z
856902404,240079945,Módulo Encendido Calefont Mademsa Vitality/Essential 13/14/16 Lt,Fensa,Calefont,SI,,https://electroluxcl.vteximg.com.br/arquivos/ids/179923-800-800/240079945-Modulo-1-1000.jpg,,,,2026-09-30T03:29:17Z
856902359,240077644,Sensor Calefont Tiro Forzado Mademsa Efecto Hall,Fensa,Calefont,SI,,https://electroluxcl.vteximg.com.br/arquivos/ids/180126-800-800/240077644-Sensor-P1H02930-Inferior-1000.jpg,,,,2026-09-30T03:29:17Z
856902314,240072164,Sensor Temperatura Calefont,Mademsa,Calefont,SI,,https://electroluxcl.vteximg.com.br/arquivos/ids/189582-800-800/240072164_03_2000px.jpg,,,,2026-09-30T03:29:17Z
856901936,C07513070,Sensor Temperatura Calefont NTC Inmersión,Fensa,Calefont,SI,,https://electroluxcl.vteximg.com.br/arquivos/ids/177001-800-800/C07513070-Sensor-Inmersion-1000.jpg,,,,2026-09-30T03:29:17Z
856901955,240055970,Sistema Encendido Calefont,Fensa,Calefont,SI,,https://electroluxcl.vteximg.com.br/arquivos/ids/179939-800-800/240055970-Encendido-A-Frontal-1000.jpg,,,,2026-09-30T03:29:17Z
856902230,240061846,Sistema Encendido Calefont,Fensa,Calefont,SI,,https://electroluxcl.vteximg.com.br/arquivos/ids/179941-800-800/240061846-Encendido-1-1000.jpg,,,,2026-09-30T03:29:17Z
856902170,240055992,Sistema Encendido Calefont Mademsa Vitality 708,Fensa,Calefont,SI,,https://electroluxcl.vteximg.com.br/arquivos/ids/179974-800-800/240055992-Sistema-8L-1000.jpg,,,,2026-09-30T03:29:17Z
856902383,240078476,Sistema Encendido Calefont Mademsa Vitality/Essential 10 GL,Fensa,Calefont,SI,,https://electroluxcl.vteximg.com.br/arquivos/ids/179958-800-800/240078476-Sistema-1-1000.jpg,,,,2026-09-30T03:29:17Z
856902403,240079876,Tarjeta Electrónica Control Calefont Mademsa Tiro Forzado 10 Lt,Fensa,Calefont,SI,,https://electroluxcl.vteximg.com.br/arquivos/ids/179975-800-800/240079876-Tarjeta-1-1000.jpg,,,,2026-09-30T03:29:17Z
856902312,240072156,Válvula Armado Calefont Tiro Forzado 10 Lt,Fensa,Calefont,SI,,https://electroluxcl.vteximg.com.br/arquivos/ids/179920-800-800/240072156-Valvula-1-1000.jpg,,,,2026-09-30T03:29:17Z
856901974,240069165,Válvula Seguridad Termos Mademsa,Mademsa,Calefont,SI,,https://electroluxcl.vteximg.com.br/arquivos/ids/179842-800-800/240069165-Valvula-Termo-1-1000.jpg,,,,2026-09-30T03:29:17Z
856903197,240088906,Ducto Aluminio Campana Extractora Fensa FXD6465L,Fensa,Campanas,SI,,https://electroluxcl.vteximg.com.br/arquivos/ids/189855-800-800/240088906_01_2000px.jpg,,,,2026-09-30T03:29:17Z
856900551,C08547017,Filtro Carbón Activo Campana Cocina,Fensa,Campanas,SI,,https://electroluxcl.vteximg.com.br/arquivos/ids/164770-800-800/C08547017-Filtro-1-1000.jpg,,,,2026-09-30T03:29:17Z
856900602,C08607184,Filtro Carbón Activo Campana Cocina Fensa FX6260,Fensa,Campanas,SI,,https://electroluxcl.vteximg.com.br/arquivos/ids/164760-800-800/C08607184-Filtro-1-1000.jpg,,,,2026-09-30T03:29:17Z
856902188,C08607192,Filtro Carbón Activo Campana Cocina FXD6465/6495/MXD395,Fensa,Campanas,SI,,https://electroluxcl.vteximg.com.br/arquivos/ids/192846-800-800/C08607192--1-.png,,,,2026-09-30T03:29:17Z
856902935,240088918,Filtro Malla Aluminio Campana Cocina 60 cm FXD6465L/CE6TF,Electrolux,Campanas,SI,,https://electroluxcl.vteximg.com.br/arquivos/ids/190922-800-800/240088918_01_2000px.jpg,,,,2026-09-30T03:29:17Z
856900590,240072477,Flexible Manguera Gas 100 cm 1/2 x 1/2 14 mm,Mademsa,Cocinas,SI,,https://electroluxcl.vteximg.com.br/arquivos/ids/187965-800-800/03.--Calefont-Mademsa-Imagen-3-Flex-Agua-40CM-1-2-diam18-2000px-2000x2000.raw.jpg,,,,2026-09-30T03:29:17Z
70820000,240077082,"Flexible Manguera Gas 60 cm 3/8"" 14 mm",Mademsa,Cocinas,SI,,https://electroluxcl.vteximg.com.br/arquivos/ids/188001-800-800/240077082-2-2000px-2000x2000.raw.jpg,,,,2026-09-30T03:29:17Z
856901309,240070926,Parrilla Lateral Hierro Fundido Cubierta Cocina Diva920/940/F5500,Multimarca,Cocinas,SI,,https://electroluxcl.vteximg.com.br/arquivos/ids/179845-800-800/240070926-Parrilla-1-1000.jpg,,,,2026-09-30T03:29:17Z
856901966,240062734,Conmutador Selección Temperatura Encimera Eléctrica FEE2E/MEE2E,Fensa,Encimeras,SI,,https://electroluxcl.vteximg.com.br/arquivos/ids/179840-800-800/240062734-Conmutador-1-1000.jpg,,,,2026-09-30T03:29:17Z
856904270,240072466,Flexible Manguera Gas Cocina/Encimera 100 cm 3/8 x 1/2 14 mm,Mademsa,Encimeras,SI,,https://electroluxcl.vteximg.com.br/arquivos/ids/187997-800-800/240072466-2-2000px.jpg,,,,2026-09-30T03:29:17Z
856903131,240087829,Perilla Encimera Fensa FCE 2HF,Fensa,Encimeras,SI,,https://electroluxcl.vteximg.com.br/arquivos/ids/189852-800-800/240087829_01_2000px.jpg,,,,2026-09-30T03:29:17Z
856901298,240062720,Plato Quemador Encimera Eléctrica 1000W R145,Fensa,Encimeras,SI,,https://electroluxcl.vteximg.com.br/arquivos/ids/173437-800-800/240062720-Plato-1-1000.jpg,,,,2026-09-30T03:29:17Z
856901266,A05594302,Plato Quemador Encimera Eléctrica 1000W R145,Fensa,Encimeras,SI,,https://electroluxcl.vteximg.com.br/arquivos/ids/179540-800-800/A05594302.jpg,,,,2026-09-30T03:29:17Z
856901267,A05594301,Plato Quemador Encimera Eléctrica 1500W R145,Fensa,Encimeras,SI,,https://electroluxcl.vteximg.com.br/arquivos/ids/189420-800-800/IMG_20220406_124839.png,,,,2026-09-30T03:29:17Z
856901297,240062719,Plato Quemador Encimera Eléctrica 1500W R180,Fensa,Encimeras,SI,,https://electroluxcl.vteximg.com.br/arquivos/ids/173440-800-800/IMG_20220406_125102.png,,,,2026-09-30T03:29:17Z
856902779,354017015,Tapilla Quemador Auxiliar Cocina/Encimera Gas,Multimarca,Encimeras,SI,,https://electroluxcl.vteximg.com.br/arquivos/ids/190931-800-800/354017015_01_2000px.jpg,,,,2026-09-30T03:29:17Z
856902754,240087872,Canasto Organizador Congelador Freezer Horizontal Fensa Z250D,Fensa,Freezers,SI,,https://electroluxcl.vteximg.com.br/arquivos/ids/178229-800-800/BD249-plastic-50112495001L_ASM1_1000x1000.jpg,,,,2026-09-30T03:29:17Z
856902755,240087873,Canasto Organizador Congelador Freezer Horizontal Fensa Z300D,Fensa,Freezers,SI,,https://electroluxcl.vteximg.com.br/arquivos/ids/178230-800-800/BD295-plastic-50112955002X_asm1_1000x1000.jpg,,,,2026-09-30T03:29:17Z
856902756,240087874,Canasto Organizador Congelador Freezer Horizontal Fensa Z400D,Fensa,Freezers,SI,,https://electroluxcl.vteximg.com.br/arquivos/ids/178231-800-800/BD418--plastic-Q0090-103_1000x1000.jpg,,,,2026-09-30T03:29:17Z
856902750,240087868,Canasto Organizador Congelador Freezer Horizontal Mademsa M100D,Mademsa,Freezers,SI,,https://electroluxcl.vteximg.com.br/arquivos/ids/178225-800-800/BD100-wire-Q0108-161_1000x1000.jpg,,,,2026-09-30T03:29:17Z
856902751,240087869,Canasto Organizador Congelador Horizontal M150D/M200D Mademsa,Mademsa,Freezers,SI,,https://electroluxcl.vteximg.com.br/arquivos/ids/178226-800-800/BD143-199-wire-Q0108-162_1000x1000.jpg,,,,2026-09-30T03:29:17Z
856902928,240087692,Lámpara Luz Ambar Indicador Freezer,Multimarca,Freezers,SI,,https://electroluxcl.vteximg.com.br/arquivos/ids/190523-800-800/240087692_01_2000px.jpg,,,,2026-09-30T03:29:17Z
856903144,240088040,Lámpara Luz Piloto Indicador Freezer Mademsa,Mademsa,Freezers,SI,,https://electroluxcl.vteximg.com.br/arquivos/ids/190526-800-800/240088040_01_2000px.jpg,,,,2026-09-30T03:29:17Z
856902915,240087678,Termostato Dual Control Temperatura Congelador Freezer Horizontal,Multimarca,Freezers,SI,,https://electroluxcl.vteximg.com.br/arquivos/ids/190887-800-800/240087678_01_2000px.jpg,,,,2026-09-30T03:29:17Z
856902597,240082029,Bandeja Metálica Horno Empotrable Fensa FHE1190T/1130M,Fensa,Hornos,SI,,https://electroluxcl.vteximg.com.br/arquivos/ids/190952-800-800/240082029_01_2000px.jpg,,,,2026-09-30T03:29:17Z
856900506,240056926,Lampara  15W 220V E14 Hornos y Cocinas Fensa Mademsa,Fensa,Hornos,SI,,https://electroluxcl.vteximg.com.br/arquivos/ids/175880-800-800/Ampolleta-15W-220V-E14.jpg,,,,2026-09-30T03:29:17Z
856902177,240059750,Lámpara Luz Piloto Indicador Horno Empotrable Fensa,Fensa,Hornos,SI,,https://electroluxcl.vteximg.com.br/arquivos/ids/190514-800-800/240059750_01_2000px.jpg,,,,2026-09-30T03:29:17Z
856902298,C70204061,Panel Metálico Trasero Horno Empotrable,Multimarca,Hornos,SI,,https://electroluxcl.vteximg.com.br/arquivos/ids/190517-800-800/5_C70204061_01_2000px.jpg,,,,2026-09-30T03:29:17Z
856902047,240082015,Perilla Horno Empotrable Fensa FHE-1130/1190,Fensa,Hornos,SI,,https://electroluxcl.vteximg.com.br/arquivos/ids/190949-800-800/240082015_01_2000px.jpg,,,,2026-09-30T03:29:17Z
control-240069499,240069499,Resistencia Superior Horno Empotrable 1200W 220V,Mademsa,Hornos,NO,,https://electroluxcl.vteximg.com.br/arquivos/ids/189873/240069499_01_2000px.jpg?v=638991167660870000,,,,2026-09-30T03:29:17Z
856901945,C5920209K,Sensor Temperatura NTC Horno Empotrable,Fensa,Hornos,SI,,https://electroluxcl.vteximg.com.br/arquivos/ids/179850-800-800/C5920209K-Termico-165g-1-1000.jpg,,,,2026-09-30T03:29:17Z
856901978,240072353,Sensor Temperatura Termopar Horno Cocina 1200 mm,Fensa,Hornos,SI,,https://electroluxcl.vteximg.com.br/arquivos/ids/189519-800-800/240072353_03_2000px.jpg,,,,2026-09-30T03:29:17Z
control-C59201689,C59201689,Termostato Horno Empotrable,Fensa,Hornos,NO,,https://electroluxcl.vteximg.com.br/arquivos/ids/189515/24_c59201689_01_2000px.jpg?v=638987359005770000,,,,2026-09-30T03:29:17Z
856901282,C59202006,Timer Eléctrico Horno Empotrable 120 Min,Fensa,Hornos,SI,,https://electroluxcl.vteximg.com.br/arquivos/ids/173442-800-800/C59202006-Timer-2-1000.jpg,,,,2026-09-30T03:29:17Z
856902068,A97907801,Agitador Rodete Lavadora Automática Gris,Fensa,Lavadoras,SI,,https://electroluxcl.vteximg.com.br/arquivos/ids/179830-800-800/A97907801-1.jpg,,,,2026-09-30T03:29:17Z
856902857,240087604,"Agitador Rodete Lavadora Fensa Premium Care 9,5 SZ",Fensa,Lavadoras,SI,,https://electroluxcl.vteximg.com.br/arquivos/ids/191278-800-800/240087604_01_2000px.jpg,,,,2026-09-30T03:29:17Z
856902849,240087583,Amortiguador Amarillo Lavadora Mademsa,Mademsa,Lavadoras,SI,,https://electroluxcl.vteximg.com.br/arquivos/ids/190839-800-800/240087583_01_2000px.jpg,,,,2026-09-30T03:29:17Z
control-A20099201,A20099201,Bomba Desagüe Lavadora Askoll 220V-50Hz,Fensa,Lavadoras,NO,,https://electroluxcl.vteximg.com.br/arquivos/ids/173423/IMG_20220406_123626.png?v=638034217007030000,,,,2026-09-30T03:29:17Z
856902860,240087607,"Bomba Desagüe Lavadora Fensa Premium Care 9,5SZ/12SZ",Fensa,Lavadoras,SI,,https://electroluxcl.vteximg.com.br/arquivos/ids/191272-800-800/240087607_01_2000px.jpg,,,,2026-09-30T03:29:17Z
856901301,240065402,Bomba Desagüe Lavadora Hanyu 220V-50Hz Universal,Mademsa,Lavadoras,SI,,https://electroluxcl.vteximg.com.br/arquivos/ids/189363-800-800/240065402-Bomba-2-1000.jpg,,,,2026-09-30T03:29:17Z
856901663,A20730701,Bomba Desagüe Lavadora Leili 220V-50Hz,Fensa,Lavadoras,SI,,https://electroluxcl.vteximg.com.br/arquivos/ids/189351-800-800/38_A20730701_01_2000px.jpg,,,,2026-09-30T03:29:17Z
856902066,A19045901,Cable Eléctrico Lavadora Fensa,Fensa,Lavadoras,SI,,https://electroluxcl.vteximg.com.br/arquivos/ids/180250-800-800/A19045901.jpg,,,,2026-09-30T03:29:17Z
856902065,A19337301,Cable Eléctrico Lavadora Fensa,Fensa,Lavadoras,SI,,https://electroluxcl.vteximg.com.br/arquivos/ids/179536-800-800/A19337301.jpg,,,,2026-09-30T03:29:17Z
856901948,C59505289,Conector Cable Eléctrico,Fensa,Lavadoras,SI,,https://electroluxcl.vteximg.com.br/arquivos/ids/180234-800-800/C59505289-Conector-Cordon-Frontal-1000.jpg,,,,2026-09-30T03:29:17Z
856901960,240056556,Correa Lavadora Semi Automática M 28 Twister,Fensa,Lavadoras,SI,,https://electroluxcl.vteximg.com.br/arquivos/ids/177042-800-800/240056556-Correa-M28-Frontal-1000.jpg,,,,2026-09-30T03:29:17Z
control-240076458,240076458,Filtro Atrapa Pelusas Nanocobre Naranjo para Lavadora,Multimarca,Lavadoras,NO,,https://electroluxcl.vteximg.com.br/arquivos/ids/190996/240076458_03_2000px.jpg?v=639004711655200000,,,,2026-09-30T03:29:17Z
856901941,C58511110,Manguera Agua Lavadora Unión Interna Corta,Fensa,Lavadoras,SI,,https://electroluxcl.vteximg.com.br/arquivos/ids/177046-800-800/C58511110-Manguera-China-Lado-1000.jpg,,,,2026-09-30T03:29:17Z
856901950,CA0007183,Manguera Agua Lavadora Unión Interna Corta,Fensa,Lavadoras,SI,,https://electroluxcl.vteximg.com.br/arquivos/ids/195083-800-800/CA0007183-Manguera-Lav-Lado-1000.jpg,,,,2026-09-30T03:29:17Z
856900573,CA0006482,Manguera Drenaje Lavadora Original,Fensa,Lavadoras,SI,,https://electroluxcl.vteximg.com.br/arquivos/ids/164825-800-800/CA0006482-Manguera-china-1000.jpg,,,,2026-09-30T03:29:17Z
856900539,240079170,Manguera Drenaje Recta 2M lavadoras,Fensa,Lavadoras,SI,,https://electroluxcl.vteximg.com.br/arquivos/ids/164827-800-800/240079170-Manguera-WM17W04-1000.jpg,,,,2026-09-30T03:29:17Z
856900537,240079168,Manguera Entrada Agua Universal Lavadora 2 Mts,Multimarca,Lavadoras,SI,,https://electroluxcl.vteximg.com.br/arquivos/ids/164820-800-800/240079168-Mang-WM18W02-1000.jpg,,,,2026-09-30T03:29:17Z
856902855,240087602,Mecanismo Lavadora Fensa Premium Care 12 SZ,Fensa,Lavadoras,SI,,https://electroluxcl.vteximg.com.br/arquivos/ids/191269-800-800/240087602_01_2000px.jpg,,,,2026-09-30T03:29:17Z
856901329,A19337401,"Mecanismo Transmisión Lavadora 13,5 a 21Kg",Fensa,Lavadoras,SI,,https://electroluxcl.vteximg.com.br/arquivos/ids/173395-800-800/IMG_20220406_final_1.png,,,,2026-09-30T03:29:17Z
856901322,240080060,Mecanismo Transmisión Lavadora 6 a 8Kg,Fensa,Lavadoras,SI,,https://electroluxcl.vteximg.com.br/arquivos/ids/173448-800-800/IMG_20220406_130305.png,,,,2026-09-30T03:29:17Z
856902174,240057524,Mecanismo Transmisión Lavadora EWIA16F50EJ,Fensa,Lavadoras,SI,,https://electroluxcl.vteximg.com.br/arquivos/ids/180258-800-800/240057524-Bearing-4-1000.jpg,,,,2026-09-30T03:29:17Z
856902173,240057523,Mecanismo Transmisión Lavadora EWLI095OFDIWT,Marca por confirmar,Lavadoras,SI,,https://electroluxcl.vteximg.com.br/arquivos/ids/189285-800-800/240057523-03.png,,,,2026-09-30T03:29:17Z
856902854,240087601,"Mecanismo Transmisión Lavadora Fensa Premium Care 9,5 SZ",Mademsa,Lavadoras,SI,,https://electroluxcl.vteximg.com.br/arquivos/ids/191002-800-800/240087601_01_2000px.jpg,,,,2026-09-30T03:29:17Z
856902080,A23903008,Motor Lavadora 13 a 21Kg 240W 220V,Fensa,Lavadoras,SI,,https://electroluxcl.vteximg.com.br/arquivos/ids/189360-800-800/A23903008.png,,,,2026-09-30T03:29:17Z
856901245,C70507617,Polea Motriz Lavadora Automática,Fensa,Lavadoras,SI,,https://electroluxcl.vteximg.com.br/arquivos/ids/190955-800-800/42_C70507617_01_2000px.jpg,,,,2026-09-30T03:29:17Z
856901244,C58508683,Polea Motriz Lavadora Semi Automática Mademsa Twister,Fensa,Lavadoras,SI,,https://electroluxcl.vteximg.com.br/arquivos/ids/190580-800-800/C58508683.png,,,,2026-09-30T03:29:17Z
856901959,240056466,Resorte Rectangular Lavadora Automática,Fensa,Lavadoras,SI,,https://electroluxcl.vteximg.com.br/arquivos/ids/179835-800-800/240056466-Resorte-1-1000.jpg,,,,2026-09-30T03:29:17Z
856901287,CA0007137,Resorte Rectangular Lavadora Automática,Fensa,Lavadoras,SI,,https://electroluxcl.vteximg.com.br/arquivos/ids/179542-800-800/CA0007137-Resorte-Rectangular-1-1000.jpg,,,,2026-09-30T03:29:17Z
856901951,CA0007267,Reten Tanque Lavadora Automática,Fensa,Lavadoras,SI,,https://electroluxcl.vteximg.com.br/arquivos/ids/180216-800-800/CA0007267-Reten-Inferior-1000.jpg,,,,2026-09-30T03:29:17Z
856902035,240072900,Rodete Lavadora Automática Blanco Mini Rodete Azul,Fensa,Lavadoras,SI,,https://electroluxcl.vteximg.com.br/arquivos/ids/178140-800-800/240072900_sbur.png,,,,2026-09-30T03:29:17Z
856902078,A21873101,Supresor Ruido Lavadora con Adhesivo 85x55 mm,Fensa,Lavadoras,SI,,https://electroluxcl.vteximg.com.br/arquivos/ids/189858-800-800/40_A21873101_01_2000px.jpg,,,,2026-09-30T03:29:17Z
control-A20309602,A20309602,Tarjeta Electronica Lavadoras Fensa Premium Care Pro,Fensa,Lavadoras,NO,,https://electroluxcl.vteximg.com.br/arquivos/ids/179443/A20309602-2-IA.jpg?v=638476874465430000,,,,2026-09-30T03:29:17Z
856901315,240077633,Tarjeta Electrónica Control Lavadora Evoluzione/Efficace,Mademsa,Lavadoras,SI,,https://electroluxcl.vteximg.com.br/arquivos/ids/189336-800-800/240077633--3-.png,,,,2026-09-30T03:29:17Z
control-A21669901,A21669901,Tarjeta Electrónica Control Lavadora Mademsa 14/16/18/20 Kg,Mademsa,Lavadoras,NO,,https://electroluxcl.vteximg.com.br/arquivos/ids/189622/A21669901_01_2000px.jpg?v=638990002974400000,,,,2026-09-30T03:29:17Z
856901317,240077637,Tarjeta Electrónica Control Lavadoras Brilliant/Efficace/Evoluzione/Intelligent,Fensa,Lavadoras,SI,,https://electroluxcl.vteximg.com.br/arquivos/ids/189342-800-800/22_240077637_01_2000px.jpg,,,,2026-09-30T03:29:17Z
856901332,240085364,Tarjeta Electrónica Control Lavadoras Impressive/Elegant,Marca por confirmar,Lavadoras,SI,,https://electroluxcl.vteximg.com.br/arquivos/ids/179464-800-800/240085364-2-IA.jpg,,,,2026-09-30T03:29:17Z
856901316,240077635,Tarjeta Electrónica Control Lavadoras Infinity/Brilliant,Fensa,Lavadoras,SI,,https://electroluxcl.vteximg.com.br/arquivos/ids/179428-800-800/240077635-Timer-1000.jpg,,,,2026-09-30T03:29:17Z
856901335,A22109901,Tarjeta Electrónica Control Lavadoras Premium Care Pro,Fensa,Lavadoras,SI,,https://electroluxcl.vteximg.com.br/arquivos/ids/189432-800-800/36_A22109901_01_2000px.jpg,,,,2026-09-30T03:29:17Z
856904303,240082726,Tarjeta Electrónica Motor Lavadora Fensa Premium Care 11W,Fensa,Lavadoras,SI,,https://electroluxcl.vteximg.com.br/arquivos/ids/189573-800-800/240082726_01_2000px.jpg,,,,2026-09-30T03:29:17Z
856901336,A22735101,Tarjeta Electrónica Potencia Lavadoras Brilliant/Efficace,Fensa,Lavadoras,SI,,https://electroluxcl.vteximg.com.br/arquivos/ids/189349-800-800/15_A22735101_01_2000px.jpg,,,,2026-09-30T03:29:17Z
856902079,A23794301,Tarjeta Electrónica Potencia Lavadoras Evoluzione/Efficace,Mademsa,Lavadoras,SI,,https://electroluxcl.vteximg.com.br/arquivos/ids/189340-800-800/A23794301--4-.png,,,,2026-09-30T03:29:17Z
856902738,A23794302,Tarjeta Electrónica Potencia Lavadoras Infinity/Brilliant,Fensa,Lavadoras,SI,,https://electroluxcl.vteximg.com.br/arquivos/ids/179427-800-800/240077634-Timer-1-1000.jpg,,,,2026-09-30T03:29:17Z
856901251,A20302902,Tarjeta Electrónica Potencia Lavadoras Premium Care,Fensa,Lavadoras,SI,,https://electroluxcl.vteximg.com.br/arquivos/ids/189415-800-800/7_A20302902_01_2000px.jpg,,,,2026-09-30T03:29:17Z
856901280,C58511420,Timer Lavadora Semi Automática Mademsa Twister,Fensa,Lavadoras,SI,,https://electroluxcl.vteximg.com.br/arquivos/ids/173445-800-800/C58511420-Timer-1-1000.jpg,,,,2026-09-30T03:29:17Z
856904302,240082722,Electroválvula Agua Lavadora Secadora Premium Care 11W,Fensa,Lavasecadoras,SI,,https://electroluxcl.vteximg.com.br/arquivos/ids/190553-800-800/240082722.png,,,,2026-09-30T03:29:17Z
856901327,240082661,Sensor Temperatura Lavadora Secadora Fensa 8WD/11WD,Fensa,Lavasecadoras,SI,,https://electroluxcl.vteximg.com.br/arquivos/ids/192359-800-800/45_240082661_02_1500px.jpg,,,,2026-09-30T03:29:17Z
856904301,240082718,Tarjeta Electrónica Control Lavadora Secadora Fensa 8WD/11WD,Fensa,Lavasecadoras,SI,,https://electroluxcl.vteximg.com.br/arquivos/ids/189570-800-800/240082718_01_2000px.jpg,,,,2026-09-30T03:29:17Z
856904300,240082712,Tarjeta Electrónica Potencia Lavadora Secadora Fensa 8WD/11WD,Fensa,Lavasecadoras,SI,,https://electroluxcl.vteximg.com.br/arquivos/ids/189369-800-800/240082712.png,,,,2026-09-30T03:29:17Z
856902606,240082653,Termostato Limitador Temperatura 46° Lavadora Secadora Fensa,Fensa,Lavasecadoras,SI,,https://electroluxcl.vteximg.com.br/arquivos/ids/190828-800-800/240082653_01_2000px.jpg,,,,2026-09-30T03:29:17Z
856904299,240082652,Turbina Ventilador Lavadora Secadora Fensa 8WD/11WD,Fensa,Lavasecadoras,SI,,https://electroluxcl.vteximg.com.br/arquivos/ids/190550-800-800/240082652--2-.png,,,,2026-09-30T03:29:17Z
77320000,240077732,Canasto Cubiertos Lavavajillas Universal,Electrolux,Lavavajillas,SI,,https://electroluxcl.vteximg.com.br/arquivos/ids/157219-800-800/IMG-127.jpg,,,,2026-09-30T03:29:17Z
856904313,240089111,Magnetrón Microonda Mademsa MM31FB,Mademsa,Microondas,SI,,https://electroluxcl.vteximg.com.br/arquivos/ids/190565-800-800/240089111--2-.png,,,,2026-09-30T03:29:17Z
856904312,240088299,Magnetrón Microondas Mademsa MM20FBH,Mademsa,Microondas,SI,,https://electroluxcl.vteximg.com.br/arquivos/ids/190562-800-800/240088299--3-.png,,,,2026-09-30T03:29:17Z
856901312,240074667,Cuchilla Licuadora Somela Sport Blender BSE10,Somela,Pequeños electrodomésticos,SI,,https://electroluxcl.vteximg.com.br/arquivos/ids/189442-800-800/240074667.png,,,,2026-09-30T03:29:17Z
856902758,240088430,Jarro Plástico Licuadora SBL30,Mademsa,Pequeños electrodomésticos,SI,,https://electroluxcl.vteximg.com.br/arquivos/ids/178222-800-800/240088430-jarrra--SBL30-2000px.jpg,,,,2026-09-30T03:29:17Z
856901399,240088428,Vaso de Vidrio Licuadora SBL20/21/40,Mademsa,Pequeños electrodomésticos,SI,,https://electroluxcl.vteximg.com.br/arquivos/ids/173820-800-800/01.--Jarra-de-vidrio-Somela-Principal--SBL20-21-40--1500px.jpg,,,,2026-09-30T03:29:17Z
856900929,240086027,Filtro de Agua Purificador Agua Fensa PA31G/PAUFCB30,Fensa,Purificadores de Agua,SI,,https://electroluxcl.vteximg.com.br/arquivos/ids/183541-800-800/01.--Filtro-Fensa-Filtro-Filtro-PA31G-2000px.jpg.jpg,,,,2026-09-30T03:29:17Z
856900921,240086024,Filtro de Agua Purificador Agua Fensa PH41B/PAPPCA40,Electrolux,Purificadores de Agua,SI,,https://electroluxcl.vteximg.com.br/arquivos/ids/183536-800-800/01.--Filtro-Fensa-Filtro-Filtro-PH41B-2000px.jpg.jpg,,,,2026-09-30T03:29:17Z
856904316,240089250,Balcón Puerta con Estanque de Agua Refrigerador Fensa SFX440B,Fensa,Refrigeración,SI,,https://electroluxcl.vteximg.com.br/arquivos/ids/189555-800-800/240089250_01_2000px.jpg,,,,2026-09-30T03:29:17Z
856904319,240089279,Balcón Puerta con Estanque de Agua Refrigerador Fensa SFX530B,Fensa,Refrigeración,SI,,https://electroluxcl.vteximg.com.br/arquivos/ids/189558-800-800/240089279_01_2000px.jpg,,,,2026-09-30T03:29:17Z
856904314,240089214,Balcón Puerta Freezer Refrigerador Fensa SFX440/440B,Fensa,Refrigeración,SI,,https://electroluxcl.vteximg.com.br/arquivos/ids/189537-800-800/240089214_01_2000px.jpg,,,,2026-09-30T03:29:17Z
856904315,240089245,Balcón Puerta Refrigerador Fensa SFX440/440B,Fensa,Refrigeración,SI,,https://electroluxcl.vteximg.com.br/arquivos/ids/189546-800-800/240089245_03_2000px.jpg,,,,2026-09-30T03:29:17Z
856902682,240086700,Balcón Puerta Refrigerador Mademsa MED165/165B/165S,Mademsa,Refrigeración,SI,,https://electroluxcl.vteximg.com.br/arquivos/ids/189549-800-800/240086700_01_2000px.jpg,,,,2026-09-30T03:29:17Z
856902349,240076858,Balcón Puerta Refrigerador Mademsa Nordik 480/MBF60X/BFX60,Mademsa,Refrigeración,SI,,https://electroluxcl.vteximg.com.br/arquivos/ids/190628-800-800/240089270_01_2000px.jpg,,,,2026-09-30T03:29:17Z
856902368,240077786,Bandeja Cubre Gaveta Vegetales Refrigerador Fensa 3100,Fensa,Refrigeración,SI,,https://electroluxcl.vteximg.com.br/arquivos/ids/190631-800-800/240077786_01_2000px.jpg,,,,2026-09-30T03:29:17Z
856902684,240086703,Bandeja Plástica Freezer Refrigerador Mademsa MED165/165B/165S,Mademsa,Refrigeración,SI,,https://electroluxcl.vteximg.com.br/arquivos/ids/189564-800-800/240086703_01_2000px.jpg,,,,2026-09-30T03:29:17Z
control-240086696,240086696,Bandeja Vidrio Refrigerador Mademsa MED165/165B/165S,Mademsa,Refrigeración,NO,,https://electroluxcl.vteximg.com.br/arquivos/ids/189567/240086696_01_2000px.jpg?v=638989034397730000,,,,2026-09-30T03:29:17Z
856902626,240084126,Burlete Goma Puerta Refrigerador Fensa DM64S,Fensa,Refrigeración,SI,,https://electroluxcl.vteximg.com.br/arquivos/ids/190549-800-800/240084126.png,,,,2026-09-30T03:29:17Z
control-240077774,240077774,Burlete Goma Puerta Refrigerador Nordik 415/Progress 3100,Multimarca,Refrigeración,NO,,https://electroluxcl.vteximg.com.br/arquivos/ids/189929/240077774_01_2000px.jpg?v=638992669976930000,,,,2026-09-30T03:29:17Z
856901339,240087441,Compresor Refrigerador 1/4+ Hp 220V Gas Refrigerante R134,Fensa,Refrigeración,SI,,https://electroluxcl.vteximg.com.br/arquivos/ids/173402-800-800/240087441_frente-1.png,,,,2026-09-30T03:29:17Z
856901943,C59105523,Damper Refrigerador No Frost,Fensa,Refrigeración,SI,,https://electroluxcl.vteximg.com.br/arquivos/ids/179847-800-800/C59105523-Damper-Ttato-1-1000.jpg,,,,2026-09-30T03:29:17Z
856901998,240080944,Dispensador Hielo Refrigerador Fensa SFX550,Fensa,Refrigeración,SI,,https://electroluxcl.vteximg.com.br/arquivos/ids/189531-800-800/240080944_01_2000px.jpg,,,,2026-09-30T03:29:17Z
856900613,240078349,Filtro de Agua Refrigerador SFX550 Fensa,Fensa,Refrigeración,SI,,https://electroluxcl.vteximg.com.br/arquivos/ids/164700-800-800/240078349-FILTRO-DE-AGUA-ARMADO-1-1000.jpg,,,,2026-09-30T03:29:17Z
856900880,240080756,Filtro Desodorizador Carbón Activo Refrigerador Fensa 7790/IB45S/IB55S,Fensa,Refrigeración,SI,,https://electroluxcl.vteximg.com.br/arquivos/ids/189528-800-800/240080756_01_2000px.jpg,,,,2026-09-30T03:29:17Z
856902800,240092751,Filtro Refrigerador Retardador Maduración Frutas y Verduras,Electrolux,Refrigeración,SI,,https://electroluxcl.vteximg.com.br/arquivos/ids/189605-800-800/01.--Kit-Etileno--Case---Refil--Electrolux-Principal---2000px.jpg,,,,2026-09-30T03:29:17Z
856902561,240080833,Ice Maker Dispensador Hielo Refrigerador Fensa 7790,Fensa,Refrigeración,SI,,https://electroluxcl.vteximg.com.br/arquivos/ids/190854-800-800/240080833_01_2000px.jpg,,,,2026-09-30T03:29:17Z
856902388,240078522,Interrruptor Puerta Refrigerador MBF60X/BFX60/DQ79S,Fensa,Refrigeración,SI,,https://electroluxcl.vteximg.com.br/arquivos/ids/179216-800-800/240078522.jpg,,,,2026-09-30T03:29:17Z
856902378,240078397,Motor Apertura Puerta Refrigerador Fensa SFX550,Fensa,Refrigeración,SI,,https://electroluxcl.vteximg.com.br/arquivos/ids/179210-800-800/240078397-10.jpg,,,,2026-09-30T03:29:17Z
856902557,240080740,Motor Compresor Inverter Refrigerador Fensa 7790,Fensa,Refrigeración,SI,,https://electroluxcl.vteximg.com.br/arquivos/ids/189579-800-800/240080740_03_2000px.jpg,,,,2026-09-30T03:29:17Z
856901337,240087419,Motor Compresor Refrigerador 1/4 Hp 220V R134,Fensa,Refrigeración,SI,,https://electroluxcl.vteximg.com.br/arquivos/ids/173407-800-800/240087419frente1.png,,,,2026-09-30T03:29:17Z
856902512,240093015,Motor Compresor Refrigerador 1/4 Hp 220V R600a,Electrolux,Refrigeración,SI,,https://electroluxcl.vteximg.com.br/arquivos/ids/189366-800-800/240093015.png,,,,2026-09-30T03:29:17Z
856901689,240089912,Motor Compresor Refrigerador 1/5 Hp 220-240V R600a,Fensa,Refrigeración,SI,,https://electroluxcl.vteximg.com.br/arquivos/ids/189411-800-800/240089912.png,,,,2026-09-30T03:29:17Z
856901340,240087442,Motor Compresor Refrigerador 1/5 Hp 220V R134,Fensa,Refrigeración,SI,,https://electroluxcl.vteximg.com.br/arquivos/ids/173405-800-800/240087442_frenteprincipal.png,,,,2026-09-30T03:29:17Z
856902686,240086705,Perilla Control Temperatura Refrigerador Mademsa MED165/165B/165S,Mademsa,Refrigeración,SI,,https://electroluxcl.vteximg.com.br/arquivos/ids/189885-800-800/240086705_01_2000px.jpg,,,,2026-09-30T03:29:17Z
856902801,240092752,Recarga Filtro Refrigerador Retardador Maduración Frutas y Verduras,Electrolux,Refrigeración,SI,,https://electroluxcl.vteximg.com.br/arquivos/ids/189614-800-800/01.--Recarga-Filtro-de-Etileno-Extra-Fresh-Electrolux-Principal-1--2000px.jpg,,,,2026-09-30T03:29:17Z
856902520,240078998,Resistencia Refrigerador Mademsa Altus 1200/1250/1250W,Mademsa,Refrigeración,SI,,https://electroluxcl.vteximg.com.br/arquivos/ids/190831-800-800/240078998_01_2000px.jpg,,,,2026-09-30T03:29:17Z
856901991,240078552,Sensor Temperatura Refrigerador Ambiental,Fensa,Refrigeración,SI,,https://electroluxcl.vteximg.com.br/arquivos/ids/189771-800-800/240078552_01_2000px.jpg,,,,2026-09-30T03:29:17Z
856902077,240085703,Sensor Temperatura Refrigerador Fensa,Fensa,Refrigeración,SI,,https://electroluxcl.vteximg.com.br/arquivos/ids/190568-800-800/240085703_03_2000px.jpg,,,,2026-09-30T03:29:17Z
856902672,240085229,Sensor Temperatura Refrigerador Fensa DB60S,Fensa,Refrigeración,SI,,https://electroluxcl.vteximg.com.br/arquivos/ids/189628-800-800/240085229_01_2000px.jpg,,,,2026-09-30T03:29:17Z
856902671,240085187,Tarjeta Electrónica Control Refrigerador Fensa DB60S,Fensa,Refrigeración,SI,,https://electroluxcl.vteximg.com.br/arquivos/ids/190857-800-800/240085187_01_2000px.jpg,,,,2026-09-30T03:29:17Z
856902655,240085028,Tarjeta Electrónica Control Refrigerador Mademsa Altus,Mademsa,Refrigeración,SI,,https://electroluxcl.vteximg.com.br/arquivos/ids/189625-800-800/240085028_01_2000px.jpg,,,,2026-09-30T03:29:17Z
856904309,240086706,Tarjeta Electrónica Control Refrigerador Mademsa Med165/165B/165S,Mademsa,Refrigeración,SI,,https://electroluxcl.vteximg.com.br/arquivos/ids/189599-800-800/240086706_01_2000px.jpg,,,,2026-09-30T03:29:17Z
856901990,240078370,Tarjeta Electrónica Control Refrigerador SFX550/ERSB51I5,Fensa,Refrigeración,SI,,https://electroluxcl.vteximg.com.br/arquivos/ids/190571-800-800/240078370_01_2000px.jpg,,,,2026-09-30T03:29:17Z
856902718,240087068,Tarjeta Electrónica Módulo Inverter Refrigerador Fensa IF32W,Fensa,Refrigeración,SI,,https://electroluxcl.vteximg.com.br/arquivos/ids/189634-800-800/12_240087068_01_2000px.jpg,,,,2026-09-30T03:29:17Z
856902624,240084076,Tarjeta Electrónica Potencia Refrigerador Fensa DM64S,Fensa,Refrigeración,SI,,https://electroluxcl.vteximg.com.br/arquivos/ids/189631-800-800/240084076_01_2000px.jpg,,,,2026-09-30T03:29:17Z
856902528,240079030,Tarjeta Electrónica Potenciómetro Refrigerador Mademsa Altus,Mademsa,Refrigeración,SI,,https://electroluxcl.vteximg.com.br/arquivos/ids/189602-800-800/240079030_01_2000px.jpg,,,,2026-09-30T03:29:17Z
856902531,240079051,Termostato Bimetálico Refrigerador No Frost,Fensa,Refrigeración,SI,,https://electroluxcl.vteximg.com.br/arquivos/ids/179208-800-800/240079051.jpg,,,,2026-09-30T03:29:17Z
856901988,240077769,Termostato Refrigerador 3100/Nordik 410/415,Fensa,Refrigeración,SI,,https://electroluxcl.vteximg.com.br/arquivos/ids/179123-800-800/240077769-2.jpg,,,,2026-09-30T03:29:17Z
856902676,240085628,Termostato Refrigerador Mademsa Nordik 480,Mademsa,Refrigeración,SI,,https://electroluxcl.vteximg.com.br/arquivos/ids/179205-800-800/240085628.jpg,,,,2026-09-30T03:29:17Z
control-240082377,240082377,Termómetro Digital Refrigerador/Freezer Universal,Fensa,Refrigeración,NO,,https://electroluxcl.vteximg.com.br/arquivos/ids/164878/240082377-Term-Digital-1-1000.jpg?v=637256048831270000,,,,2026-09-30T03:29:17Z
856901323,240080949,Triturador Hielo Refrigerador Fensa SFX550,Fensa,Refrigeración,SI,,https://electroluxcl.vteximg.com.br/arquivos/ids/190890-800-800/240080949_01_2000px.jpg,,,,2026-09-30T03:29:17Z
856904329,240082776,Bisagra Puerta Secadora,Fensa,Secadoras,SI,,https://electroluxcl.vteximg.com.br/arquivos/ids/189926-800-800/240082776_01_2000px.jpg,,,,2026-09-30T03:29:17Z
856902357,240077068,Bisagra Puerta Secadora Fensa Reverplus 6470S,Fensa,Secadoras,SI,,https://electroluxcl.vteximg.com.br/arquivos/ids/179914-800-800/240077068-Bisagra-1-1000.jpg,,,,2026-09-30T03:29:17Z
856901967,240063218,Correa Secadora 4PH 1980,Fensa,Secadoras,SI,,https://electroluxcl.vteximg.com.br/arquivos/ids/179905-800-800/240063218-Correa-880-1-1000.jpg,,,,2026-09-30T03:29:17Z
856901319,240077739,Correa Secadora 6PH 1930,Fensa,Secadoras,SI,,https://electroluxcl.vteximg.com.br/arquivos/ids/175770-800-800/240077739-Poly-6PH1930-1-1000.jpg,,,,2026-09-30T03:29:17Z
control-240077740,240077740,Correa Secadora 6PH 1951,Fensa,Secadoras,NO,,https://electroluxcl.vteximg.com.br/arquivos/ids/175773/240077740-Poly-6PH1951-2-1000.jpg?v=638210787620400000,,,,2026-09-30T03:29:17Z
856901321,240077741,Correa secadora 6ph 1975,Fensa,Secadoras,SI,,https://electroluxcl.vteximg.com.br/arquivos/ids/175774-800-800/240077741-Poly-6PH1975-1-1000.jpg,,,,2026-09-30T03:29:17Z
control-240082734,240082734,Correa Secadora 7PH 1930,Marca por confirmar,Secadoras,NO,,https://electroluxcl.vteximg.com.br/arquivos/ids/192255/27_240082734_01_2000px.jpg?v=639056381814500000,,,,2026-09-30T03:29:17Z
856904327,240082753,Deslizador Mayor Tambor Frontal Secadora,Mademsa,Secadoras,SI,,https://electroluxcl.vteximg.com.br/arquivos/ids/189894-800-800/240082753_01_2000px.jpg,,,,2026-09-30T03:29:17Z
856904294,240082755,Deslizador Menor Tambor Frontal Secadora,Mademsa,Secadoras,SI,,https://electroluxcl.vteximg.com.br/arquivos/ids/189897-800-800/240082755_01_2000px.jpg,,,,2026-09-30T03:29:17Z
control-240082763,240082763,Motor Secadora 7D/9D/Care Pro 9D/Premium 9D,Multimarca,Secadoras,NO,,https://electroluxcl.vteximg.com.br/arquivos/ids/190535/240082763--2-.png?v=638995970497670000,,,,2026-09-30T03:29:17Z
856902264,240066566,Motor Secadora Mademsa Solare/Venti,Fensa,Secadoras,SI,,https://electroluxcl.vteximg.com.br/arquivos/ids/179902-800-800/240066566-Motor-1-1000.jpg,,,,2026-09-30T03:29:17Z
856904338,240082742,Resistencia Calefactor Secadora Fensa Premium 9D,Fensa,Secadoras,SI,,https://electroluxcl.vteximg.com.br/arquivos/ids/189879-800-800/240082742_01_2000px.jpg,,,,2026-09-30T03:29:17Z
856901968,240063231,Resistencia Calefactor Secadora Mademsa Ventti 880/890/FDF3680/3780,Fensa,Secadoras,SI,,https://electroluxcl.vteximg.com.br/arquivos/ids/179911-800-800/240063231-Resistencia-880-1000.jpg,,,,2026-09-30T03:29:17Z
856904304,240082730,Tarjeta Electrónica Control Secadora Fensa Premium 9D,Fensa,Secadoras,SI,,https://electroluxcl.vteximg.com.br/arquivos/ids/189576-800-800/240082730_01_2000px.jpg,,,,2026-09-30T03:29:17Z
856904310,240087396,Tarjeta Electrónica Control Secadora Mademsa 7D,Mademsa,Secadoras,SI,,https://electroluxcl.vteximg.com.br/arquivos/ids/190559-800-800/240087396.png,,,,2026-09-30T03:29:17Z
856904306,240082767,Turbina Ventilador Secadora 7D/9D/Premium Care 9D/Premium 9D,Multimarca,Secadoras,SI,,https://electroluxcl.vteximg.com.br/arquivos/ids/190557-800-800/240082767--2-.png,,,,2026-09-30T03:29:17Z
856901932,C06061044,Ventilador Secadora Reverplus 6470/6370/Girasole 7,Fensa,Secadoras,SI,,https://electroluxcl.vteximg.com.br/arquivos/ids/179907-800-800/C06061044-Ventilador-1-1000.jpg,,,,2026-09-30T03:29:17Z
856902816,240089953+240089945,Aire Acondicionado Electrolux Inverter 12.000 BTUs Frío/Calor Efficient Auto Restart,Electrolux,Aire acondicionado,SI,,https://electroluxcl.vteximg.com.br/arquivos/ids/191308-800-800/01---AA-Split-Electrolux-Principal-Interior-EAIX12G5MABXW-1500px.jpg,,,,2026-09-30T03:29:17Z
856902815,240089951+240089952,Aire Acondicionado Electrolux Inverter 9.000 BTUs Frío/Calor Efficient Auto Restart,Electrolux,Aire acondicionado,SI,,https://electroluxcl.vteximg.com.br/arquivos/ids/191328-800-800/01---AA-Split-Electrolux-Principal-Interior-EAIX09G5MABXW-1500px.jpg,,,,2026-09-30T03:29:17Z
793400000,240077934,Aire Acondicionado Portátil Electrolux 12.000 BTUs Frío/Calor Modo Turbo,Electrolux,Aire acondicionado,SI,https://www.electrolux.cl/aire-acondicionado-portable-eap12b5tscrw/p,https://electroluxcl.vteximg.com.br/arquivos/ids/188915-800-800/AA-PORTATIL-EAP12B5TSCRW-VISTA1.jpg,https://electroluxcl.vteximg.com.br/arquivos/ids/188916-800-800/02.--Aire-portatil-Electrolux-Dimensiones-EAP12B5TSCRW-2000px.jpg,https://electroluxcl.vteximg.com.br/arquivos/ids/188917-800-800/AA-PORTATIL-EAP12B5TSCRW-VISTA5.jpg,https://electroluxcl.vteximg.com.br/arquivos/ids/188918-800-800/AA-PORTATIL-EAP12B5TSCRW-VISTA2.jpg,2026-09-30T03:29:17Z
856903472,900921742,Aspiradora con Bolsa Electrolux 1600W Triple Filter Experience Sonic BGG10 Blanca,Electrolux,Aspirado,SI,https://www.electrolux.cl/disfruta-de-un-aire-mas-limpio-y-una-mejor-limpieza-para-tu-hogar-con-la-aspiradora-electrolux-1600w-124l-experience-sonic-bgg10-/p,https://electroluxcl.vteximg.com.br/arquivos/ids/186401-800-800/01---Aspiradora-Electrolux-Principal-SONIC-BGG10-2000px.jpg,https://electroluxcl.vteximg.com.br/arquivos/ids/186402-800-800/03---Aspiradora-Electrolux-Sellos-SONIC-BGG10-2000px.jpg,https://electroluxcl.vteximg.com.br/arquivos/ids/186403-800-800/09---Aspiradora-Electrolux-ambientada-SONIC-BGG10-2000px.jpg,https://electroluxcl.vteximg.com.br/arquivos/ids/186404-800-800/02---Aspiradora-Electrolux-Dimensiones-SONIC-BGG10-2000px.jpg,2026-09-30T03:29:17Z
856903473,900921743,Aspiradora con Bolsa Electrolux 1600W Triple Filter Experience Sonic BGG11 Verde,Electrolux,Aspirado,NO,https://www.electrolux.cl/aspiradora-1600w-124l-experience-sonic---electrolux/p,https://electroluxcl.vteximg.com.br/arquivos/ids/186410-800-800/01.--Aspiradora-Electrolux-Principal-SONIC-BGG11-2000px.jpg,https://electroluxcl.vteximg.com.br/arquivos/ids/186411-800-800/03.--Aspiradora-Electrolux-Sellos-SONIC-BGG11-2000px.jpg,https://electroluxcl.vteximg.com.br/arquivos/ids/186412-800-800/09.--Aspiradora-Electrolux-ambientada-SONIC-BGG11-2000px.jpg,https://electroluxcl.vteximg.com.br/arquivos/ids/186413-800-800/02.--Aspiradora-Electrolux-Dimensiones-SONIC-BGG11-2000px.jpg,2026-09-30T03:29:17Z
856903471,900921744,Aspiradora con Bolsa Electrolux Ciclónica 1800W Filtro HEPA Experience SonicPro BGG30 Gris,Electrolux,Aspirado,SI,https://www.electrolux.cl/aspiradora-1800w-experience-sonicpro---electrolux/p,https://electroluxcl.vteximg.com.br/arquivos/ids/186419-800-800/01.--Aspiradora-Electrolux-Principal-SONIC-PRO-BGG30-2000px.jpg,https://electroluxcl.vteximg.com.br/arquivos/ids/186420-800-800/03.--Aspiradora-Electrolux-Sellos-SONIC-PRO-BGG30-2000px.jpg,https://electroluxcl.vteximg.com.br/arquivos/ids/186421-800-800/10.--Aspiradora-Electrolux-ambientada-SONIC-PRO-BGG30-2000px.jpg,https://electroluxcl.vteximg.com.br/arquivos/ids/186422-800-800/02.--Aspiradora-Electrolux-Dimensiones-SONIC-PRO-BGG30-2000px.jpg,2026-09-30T03:29:17Z
vigente-900081509,900081509,ASPIRADORA DE BARRIL GT12I,Electrolux,Aspirado,NO,https://www.electrolux.cl/aspiradora-de-agua-y-polvo-electrolux-en-acero-inoxidable--gt12i-/p,https://electroluxcl.vteximg.com.br/arquivos/ids/194001-800-800/01.--Aspiradora-Wet---Dry-GT12I-Electrolux-Principal---2000px.jpg,https://electroluxcl.vteximg.com.br/arquivos/ids/194002-800-800/03.--Aspiradora-Wet---Dry-GT12I-Electrolux-Principal-Sellos--2000px.jpg,https://electroluxcl.vteximg.com.br/arquivos/ids/194003-800-800/04.--Aspiradora-Wet---Dry-GT12I-Electrolux-Dimensiones--2000px.jpg,https://electroluxcl.vteximg.com.br/arquivos/ids/194004-800-800/05.--Aspiradora-Wet---Dry-GT12I-Electrolux-Perspectiva-1--2000px.jpg,2026-09-30T03:29:17Z
856904065,900921793,Aspiradora Robot Electrolux 4 en 1 Wi-Fi Experience Mapeo Inteligente ERB62,Electrolux,Aspirado,SI,https://www.electrolux.cl/aspiradora-robot-electrolux-4-en-1-wi-fi-experience-mapeo-inteligente-blanca-erb62/p,https://electroluxcl.vteximg.com.br/arquivos/ids/191671-800-800/01Aspiradora-Robot-Electrolux-ERB62-Electrolux-Principal-2000px.jpg,https://electroluxcl.vteximg.com.br/arquivos/ids/191672-800-800/03.--Aspiradora-Robot-Electrolux-ERB62-Electrolux-Principal-Sellos--2000px.jpg,https://electroluxcl.vteximg.com.br/arquivos/ids/191673-800-800/04.--Aspiradora-Robot-Electrolux-ERB62-Electrolux-Dimensiones--2000px.jpg,https://electroluxcl.vteximg.com.br/arquivos/ids/191674-800-800/05.--Aspiradora-Robot-Electrolux-ERB62-Electrolux-Frontal--2000px.jpg,2026-09-30T03:29:17Z
856904066,900921797,Aspiradora Robot Electrolux 4 en 1 Wi-Fi Experience Mapeo Inteligente y Base Autolimpieza ERB80,Electrolux,Aspirado,SI,https://www.electrolux.cl/aspiradora-robot-electrolux-4-en-1-wi-fi-experience-mapeo-inteligente-y-base-autolimpieza-erb80/p,https://electroluxcl.vteximg.com.br/arquivos/ids/199221-800-800/08.--Aspiradora--Robot-Electrolux-ERB80-Electrolux-Frontal-Base--2000px.jpg,https://electroluxcl.vteximg.com.br/arquivos/ids/199222-800-800/03.--Aspiradora--Robot-Electrolux-ERB80-Electrolux-Principal-Sellos--2000px.jpg,https://electroluxcl.vteximg.com.br/arquivos/ids/199223-800-800/01.--Aspiradora--Robot-Electrolux-ERB80-Electrolux-Principal---2000px.jpg,https://electroluxcl.vteximg.com.br/arquivos/ids/199224-800-800/04.--Aspiradora--Robot-Electrolux-ERB80-Electrolux-Dimensiones--2000px.jpg,2026-09-30T03:29:17Z
856902810,S135000782,Aspiradora Robot Electrolux Limpieza 4 en 1 Sensor Anticolisión y Anticaída ERB40 Azul,Electrolux,Aspirado,SI,https://www.electrolux.cl/aspiradora-robot-electrolux-home-e-ultra-experience-con-tecnologia-autonoma--erb40-/p,https://electroluxcl.vteximg.com.br/arquivos/ids/186352-800-800/01.--aspiradora-robot-Electrolux-Principal-ERB40-1500px.jpg,https://electroluxcl.vteximg.com.br/arquivos/ids/186353-800-800/03.--aspiradora-robot-Electrolux-Principal-Sellos-ERB40-1500px.jpg,https://electroluxcl.vteximg.com.br/arquivos/ids/186354-800-800/16.--aspiradora-robot-Electrolux-amb2-ERB30-1500px.jpg,https://electroluxcl.vteximg.com.br/arquivos/ids/186355-800-800/15.--aspiradora-robot-Electrolux-amb1-ERB40-1500px.jpg,2026-09-30T03:29:17Z
856900895,S135000781,Aspiradora Robot Electrolux Limpieza Autónoma 3 en 1 y Carga Inteligente ERB30 Gris,Electrolux,Aspirado,NO,https://www.electrolux.cl/aspiradora-robot-electrolux-home-e-power-experience-con-tecnologia-autonoma--erb30-/p,https://electroluxcl.vteximg.com.br/arquivos/ids/186331-800-800/01---aspiradora-robot-Electrolux-Principal-ERB30-1500px.jpg,https://electroluxcl.vteximg.com.br/arquivos/ids/186333-800-800/03---aspiradora-robot-Electrolux-Principal-Sellos-ERB30-1500px.jpg,https://electroluxcl.vteximg.com.br/arquivos/ids/186334-800-800/16---aspiradora-robot-Electrolux-amb2-ERB30-1500px.jpg,https://electroluxcl.vteximg.com.br/arquivos/ids/186335-800-800/15---aspiradora-robot-Electrolux-amb1-ERB30-1500px.jpg,2026-09-30T03:29:17Z
856904278,900081595,Aspiradora Sin Bolsa Electrolux 1300W Ciclónica y Filtro HEPA Efficient Azul ABS05,Electrolux,Aspirado,SI,https://www.electrolux.cl/aspiradora-sin-bolsa-electrolux-1300w-ciclonica-y-filtro-hepa-efficient-azul-abs05/p,https://electroluxcl.vteximg.com.br/arquivos/ids/196780-800-800/06.--Aspiradora-Sin-Bolsa-ABS05--Electrolux-Perspectiva-2--2000px.jpg,https://electroluxcl.vteximg.com.br/arquivos/ids/196781-800-800/03.--Aspiradora-Sin-Bolsa-ABS05--Electrolux-Principal-Sellos--2000px.jpg,https://electroluxcl.vteximg.com.br/arquivos/ids/196782-800-800/04.--Aspiradora-Sin-Bolsa-ABS05--Electrolux-Dimensiones--2000px.jpg,https://electroluxcl.vteximg.com.br/arquivos/ids/196783-800-800/01.--Aspiradora-Sin-Bolsa-ABS05--Electrolux-Principal---2000px.jpg,2026-09-30T03:29:17Z
856900172,S135000724,"Aspiradora Sin Bolsa Electrolux Ciclónica 1600W con Filtro HEPA 1,8L Mystique Gris",Electrolux,Aspirado,SI,https://www.electrolux.cl/aspiradora-s-bolsa-mystique/p,https://electroluxcl.vteximg.com.br/arquivos/ids/186289-800-800/135000724-01Aspiradora-Sin-Bolsa-MYSTIQUE-Hero-1000x1000px.jpg,https://electroluxcl.vteximg.com.br/arquivos/ids/186290-800-800/ELUX-Mystique-LOW-Filter-Plug-Master-TG-700-Detalhe14.jpg,https://electroluxcl.vteximg.com.br/arquivos/ids/186291-800-800/ELUX-Mystique-LOW-Filter-Plug-Master-TG-700-Detalhe12.jpg,https://electroluxcl.vteximg.com.br/arquivos/ids/186292-800-800/ELUX-Mystique-LOW-Filter-Plug-Master-TG-700-Detalhe11.jpg,2026-09-30T03:29:17Z
856903474,900921745,Aspiradora Sin Bolsa Electrolux Ciclónica 2000W Filtro HEPA Experience EasyBox BGL40 Azul,Electrolux,Aspirado,SI,https://www.electrolux.cl/aspiradora-experience-2000w-2l-easybox-sin-bolsa---electrolux/p,https://electroluxcl.vteximg.com.br/arquivos/ids/186429-800-800/01.--Aspiradora-Electrolux-Principal-EASYBOX-BGL40-2000px.jpg,https://electroluxcl.vteximg.com.br/arquivos/ids/186430-800-800/03.--Aspiradora-Electrolux-Sellos-EASYBOX-BGL40-2000px.jpg,https://electroluxcl.vteximg.com.br/arquivos/ids/186431-800-800/09.--Aspiradora-Electrolux-ambientada-EASYBOX-BGL40-2000px.jpg,https://electroluxcl.vteximg.com.br/arquivos/ids/186432-800-800/02.--Aspiradora-Electrolux-Dimensiones-EASYBOX-BGL40-2000px.jpg,2026-09-30T03:29:17Z
856904187,900921825,Aspiradora Sin Bolsa Electrolux Ciclónica 2000W Filtro HEPA Experience EasyBox Boquilla PET BGL41 Gris,Electrolux,Aspirado,SI,https://www.electrolux.cl/aspiradora-ciclonica-electrolux-2000w-easybox-con-boquilla-pet-bgl41/p,https://electroluxcl.vteximg.com.br/arquivos/ids/194047-800-800/01.--Aspiradora-sin-bolsa-BGL41--Electrolux-Principal---2000px.jpg,https://electroluxcl.vteximg.com.br/arquivos/ids/194048-800-800/03.--Aspiradora-sin-bolsa-BGL41--Electrolux-Principal-Sellos--2000px.jpg,https://electroluxcl.vteximg.com.br/arquivos/ids/194049-800-800/04.--Aspiradora-sin-bolsa-BGL41--Electrolux-Dimensiones--2000px.jpg,https://electroluxcl.vteximg.com.br/arquivos/ids/194050-800-800/05.--Aspiradora-sin-bolsa-BGL41--Electrolux-Frontal-Tubos--2000px.jpg,2026-09-30T03:29:17Z
control-900081605,900081605,Aspiradora Vertical con Cable Electrolux 1250W 2 en 1 con Filtro HEPA STK21 Azul,Electrolux,Aspirado,NO,,https://electroluxcl.vteximg.com.br/arquivos/ids/199631/01.--Aspiradora-Vertical-STK21-Electrolux-Principal---1500px.jpg?v=639240640979200000,,,,2026-09-30T03:29:17Z
856900874,S135000779,Aspiradora Vertical con Cable Electrolux 1300W Ciclónica 3 en 1 con Filtro HEPA PTE10 Azul,Electrolux,Aspirado,SI,https://www.electrolux.cl/aspiradora-vertical-3-en-1-electrolux-cyclone-power-pte10/p,https://electroluxcl.vteximg.com.br/arquivos/ids/171425-800-800/01.--Asp-Stick-Elux-Frontal-Cyclone-Power-1000px.jpg,https://electroluxcl.vteximg.com.br/arquivos/ids/171427-800-800/03.--Asp-Stick-Elux-Detalle-Cyclone-Power-1000px.jpg,https://electroluxcl.vteximg.com.br/arquivos/ids/171428-800-800/04.--Asp-Stick-Elux-montaje-pisos-Cyclone-Power-1000px.jpg,https://electroluxcl.vteximg.com.br/arquivos/ids/171429-800-800/05.--Asp-Stick-Elux-Accesorio-sillon-Cyclone-Power-1000px.jpg,2026-09-30T03:29:17Z
control-900081615,900081615,Aspiradora Vertical con Cable Electrolux 1600W 2 en 1 con Filtro HEPA STK24 Blanca,Electrolux,Aspirado,NO,,https://electroluxcl.vteximg.com.br/arquivos/ids/199651/01.--Aspiradora-Vertical-STK24-Electrolux-Principal---1500px.jpg?v=639240645842000000,,,,2026-09-30T03:29:17Z
control-900081622,900081622,Aspiradora Vertical con Cable Electrolux 1800W 2 en 1 con Filtro HEPA STK26 Gris,Electrolux,Aspirado,NO,,https://electroluxcl.vteximg.com.br/arquivos/ids/199671/01.--Aspiradora-Vertical-STK26-Electrolux-Principal---1500px.jpg?v=639240647032500000,,,,2026-09-30T03:29:17Z
856904183,900921832,Aspiradora Vertical con Cable Electrolux 700W 2 en 1 con Filtro HEPA STK12 Negra,Electrolux,Aspirado,SI,https://www.electrolux.cl/aspiradora-vertical-con-cable-electrolux-700w-2-en-1-con-filtro-hepa-stk12-negro-electrolux/p,https://electroluxcl.vteximg.com.br/arquivos/ids/192329-800-800/01.--Aspiradora-Vertical-STK12-Electrolux-Principal---2000px.jpg,https://electroluxcl.vteximg.com.br/arquivos/ids/192330-800-800/03.--Aspiradora-Vertical-STK12-Electrolux-Principal-Sellos--2000px.jpg,https://electroluxcl.vteximg.com.br/arquivos/ids/192331-800-800/04.--Aspiradora-Vertical-STK12-Electrolux-Dimensiones--2000px.jpg,https://electroluxcl.vteximg.com.br/arquivos/ids/192332-800-800/05.--Aspiradora-Vertical-STK12-Electrolux-Cable--2000px.jpg,2026-09-30T03:29:17Z
856901218,S135000784,Aspiradora Vertical con Cable Electrolux 700W 2 en 1 con Filtro HEPA STK14 Azul,Electrolux,Aspirado,SI,https://www.electrolux.cl/aspiradora-vertical-con-cable-power-speed-plus-stk14-electrolux/p,https://electroluxcl.vteximg.com.br/arquivos/ids/186311-800-800/01.--Aspiradora--Stick-Electrolux-Frontal-STK14-1500px.jpg,https://electroluxcl.vteximg.com.br/arquivos/ids/186312-800-800/02.--Aspiradora--Stick-Electrolux-Principal-sellos-STK14-1500px.jpg,https://electroluxcl.vteximg.com.br/arquivos/ids/186313-800-800/08.--Aspiradora--Stick-Electrolux-ambientada-1-STK14-1500px.jpg,https://electroluxcl.vteximg.com.br/arquivos/ids/186314-800-800/09.--Aspiradora--Stick-Electrolux-ambientada-2-STK14-1500px.jpg,2026-09-30T03:29:17Z
856901219,S135000785,Aspiradora Vertical con Cable Electrolux 700W 2 en 1 con Filtro HEPA STK15 Gris,Electrolux,Aspirado,SI,https://www.electrolux.cl/aspiradora-vertical-con-cable-power-speed-ultra-stk15-electrolux/p,https://electroluxcl.vteximg.com.br/arquivos/ids/186321-800-800/01.--Aspiradora--Stick-Electrolux-Frontal-STK15-1500px.jpg,https://electroluxcl.vteximg.com.br/arquivos/ids/186322-800-800/02.--Aspiradora--Stick-Electrolux-Principal-sellos-STK15-1500px.jpg,https://electroluxcl.vteximg.com.br/arquivos/ids/186323-800-800/09.--Aspiradora--Stick-Electrolux-ambientada-2-STK15-1500px.jpg,https://electroluxcl.vteximg.com.br/arquivos/ids/186324-800-800/08.--Aspiradora--Stick-Electrolux-ambientada-1-STK15-1500px.jpg,2026-09-30T03:29:17Z
856904186,900921833,Aspiradora Vertical Inalámbrica Electrolux Ergorapido Ciclonica Efficient 2 en 1 ERG018 Gris,Electrolux,Aspirado,SI,https://www.electrolux.cl/aspiradora-vertical-inalambrica-electrolux-ergorapido-ciclonica-efficient-2-en-1-erg018-gris/p,https://electroluxcl.vteximg.com.br/arquivos/ids/192340-800-800/01-ASP~1.jpg,https://electroluxcl.vteximg.com.br/arquivos/ids/192341-800-800/03.--Aspiradora-Vertical-Inalambrica-ERG018-Electrolux-Principal-Sellos--2000px.jpg,https://electroluxcl.vteximg.com.br/arquivos/ids/192342-800-800/04-ASP~1.jpg,https://electroluxcl.vteximg.com.br/arquivos/ids/192343-800-800/05-ASP~1.jpg,2026-09-30T03:29:17Z
856903748,900921749,Aspiradora Vertical Inalámbrica Electrolux Ergorapido Ciclonica Efficient 2 en 1 ERG019 Azul,Electrolux,Aspirado,SI,https://www.electrolux.cl/900921749-aspiradora-vertical-inalambrica-erg019/p,https://electroluxcl.vteximg.com.br/arquivos/ids/186372-800-800/01.--Asp-Vertical-Electrolux-Principal--ERGO19-2000px.jpg.jpg,https://electroluxcl.vteximg.com.br/arquivos/ids/186373-800-800/02.--Asp-Vertical-Electrolux-Principal-Sellos-ERGO19-2000px.jpg.jpg,https://electroluxcl.vteximg.com.br/arquivos/ids/186374-800-800/14.--Asp-Vertical-Electrolux-Amb-2-ERGO19-2000px.jpg.jpg,https://electroluxcl.vteximg.com.br/arquivos/ids/186375-800-800/15.--Asp-Vertical-Electrolux-Amb-3-ERGO19-2000px.jpg.jpg,2026-09-30T03:29:17Z
856903802,900921770,Aspiradora Vertical Inalámbrica Electrolux Ergorapido Ciclonica Experience 3 en 1 PTEC100 Gris,Electrolux,Aspirado,NO,https://www.electrolux.cl/aspiradora-vertical-inalambrica-electrolux-ergorapido-ciclonica-experience-3-en-1-pte100-gris/p,https://electroluxcl.vteximg.com.br/arquivos/ids/189777-800-800/01.--Aspiradora-Vertical-PTEC100-Electrolux-Principal---2000px.jpg,https://electroluxcl.vteximg.com.br/arquivos/ids/189778-800-800/03.--Aspiradora-Vertical-PTEC100-Electrolux-Principal-Sellos--2000px.jpg,https://electroluxcl.vteximg.com.br/arquivos/ids/189779-800-800/05.--Aspiradora-Vertical-PTEC100-Electrolux-Dimensiones--2000px.jpg,https://electroluxcl.vteximg.com.br/arquivos/ids/189780-800-800/12.--Aspiradora-Vertical-PTEC100-Electrolux-Ambientada-2--2000px.jpg,2026-09-30T03:29:17Z
856900199,S135000710,Aspiradora Vertical Inalámbrica Electrolux Ergorapido Ciclónica 2 en 1 ERGO21 Blanco,Electrolux,Aspirado,SI,https://www.electrolux.cl/ergorapido-21/p,https://electroluxcl.vteximg.com.br/arquivos/ids/198959-800-800/ERG21_FRONTAL_2000px.jpg,https://electroluxcl.vteximg.com.br/arquivos/ids/198960-800-800/135000710-01ASPIRADORA-ERG21-1000x1000px.jpg,https://electroluxcl.vteximg.com.br/arquivos/ids/198961-800-800/aspiradora-electrolux-inalambrica-2-en-1-ergo21-_Frente2.jpg,https://electroluxcl.vteximg.com.br/arquivos/ids/198962-800-800/aspiradora-electrolux-inalambrica-2-en-1-ergo21-_Detalhe2.jpg,2026-09-30T03:29:17Z
vigente-900276852,900276852,CAFETERA ESPRESSO ECM70,Electrolux,Cafeteras,NO,https://www.electrolux.cl/cafetera-espresso-electrolux-gris-capsula-y-sachet-experience-vaporizador-de-leche--ecm70--/p,https://electroluxcl.vteximg.com.br/arquivos/ids/198104-800-800/01.--Cafetera-Electrolux-Principal--ECM70-2000px.jpg,https://electroluxcl.vteximg.com.br/arquivos/ids/198105-800-800/03.--Cafetera-Electrolux-Principal-Sellos-ECM70-2000px.jpg,https://electroluxcl.vteximg.com.br/arquivos/ids/198106-800-800/04.--Cafetera-Electrolux-Dimensiones-ECM70-2000px.jpg,https://electroluxcl.vteximg.com.br/arquivos/ids/198107-800-800/05.--Cafetera-Electrolux-Perspectiva-ECM70-2000px.jpg,2026-09-30T03:29:17Z
856903395,946521898,"Estufa Eléctrica Infrarroja Mademsa 1500W Digital, Modo Eco y Control Remoto INF10 Negra",Mademsa,Calefacción,SI,https://www.tiendamademsa.cl/946521898-calefactor-infrared-inf10/p,https://electroluxcl.vteximg.com.br/arquivos/ids/185136-800-800/07.--Estufa-Infrared-Mademsa-Est-control-INF10-1500px.jpg.jpg,https://electroluxcl.vteximg.com.br/arquivos/ids/185137-800-800/03.--Estufa-Infrared-Mademsa-Sellos-INF10-1500px.jpg.jpg,https://electroluxcl.vteximg.com.br/arquivos/ids/185138-800-800/04.--Estufa-Infrared-Mademsa-Dimensiones-INF10-1500px.jpg.jpg,https://electroluxcl.vteximg.com.br/arquivos/ids/185139-800-800/10.--Estufa-Infrared-Mademsa-Ambientada-INF10-1500px.jpg.jpg,2026-09-30T03:29:17Z
856903394,946521897,"Estufa Eléctrica Mademsa 2000W Digital, Oscilación y Control Remoto EH100 Negra",Mademsa,Calefacción,SI,https://www.tiendamademsa.cl/946521897-estufa-ptc-eh100/p,https://electroluxcl.vteximg.com.br/arquivos/ids/185146-800-800/07.--Estufa-Mademsa-Perspec-control-PTC-EH100-1500px.jpg.jpg,https://electroluxcl.vteximg.com.br/arquivos/ids/185147-800-800/03.--Estufa-Mademsa-Sellos-PTC-EH100-1500px.jpg.jpg,https://electroluxcl.vteximg.com.br/arquivos/ids/185148-800-800/04.--Estufa-Mademsa-Dimensiones-PTC-EH100-1500px.jpg.jpg,https://electroluxcl.vteximg.com.br/arquivos/ids/185149-800-800/09.--Estufa-Mademsa-Ambientada-PTC-EH100-1500px.jpg.jpg,2026-09-30T03:29:17Z
1752,240076831,"Estufa Parafina Mecha Fensa 4,2 Litros 2,7Kw con Encendido Eléctrico F 720+",Fensa,Calefacción,SI,https://www.fensa.cl/estufa-kerosene-mecha-fensa-f-720/p,https://electroluxcl.vteximg.com.br/arquivos/ids/196564-800-800/1_Fensa_Estufa_F720-_frontal_2000.jpg,https://electroluxcl.vteximg.com.br/arquivos/ids/196565-800-800/F720-_2000px.jpg.jpg,https://electroluxcl.vteximg.com.br/arquivos/ids/196566-800-800/Estufa_F720-_Specs_Fensa_1000x1000_Dimensao.jpg,https://electroluxcl.vteximg.com.br/arquivos/ids/196567-800-800/F720_AMBIENTADA_2000X.jpg.jpg,2026-09-30T03:29:17Z
1758,240076757,"Estufa Parafina Mecha Mademsa 4,2 Litros 2,7 Kw Apagado Inteligente Fiamma Pro",Mademsa,Calefacción,SI,https://www.tiendamademsa.cl/estufakerosene-mecha-mademsa-fiamma-pro/p,https://electroluxcl.vteximg.com.br/arquivos/ids/185442-800-800/240076757_ESTUFA-KEROSENE-MECHA-MADEMSA-FIAMMA-PRO_1.png,https://electroluxcl.vteximg.com.br/arquivos/ids/185443-800-800/FIAMMA-PRO_2000px.jpg.jpg,https://electroluxcl.vteximg.com.br/arquivos/ids/185444-800-800/Estufa_Fiamma_Pro_Specs_Mademsa_Medidas.jpg,https://electroluxcl.vteximg.com.br/arquivos/ids/185445-800-800/MONTAJE-ESTUFAS_2000X2000-09.jpg,2026-09-30T03:29:17Z
vigente-240081720,240081720,CALEFON ESSENTIAL 7 ECO GL,Mademsa,Calefont,NO,https://www.tiendamademsa.cl/calefon-mademsa-essential-7-eco-gl/p,https://electroluxcl.vteximg.com.br/arquivos/ids/185755-800-800/01.--Calefont-Essential-7L-Eco-GL-Mademsa-Frontal-1500px-240081720.jpg,https://electroluxcl.vteximg.com.br/arquivos/ids/185756-800-800/ESSENTIAL-7-ECO-GL_DIMENSIONES_2000px--1-.jpg.jpg,https://electroluxcl.vteximg.com.br/arquivos/ids/185757-800-800/03.--Calefont-Essential-7L-Eco-GL-Mademsa-Perspectiva-1500px-240081720.jpg,https://electroluxcl.vteximg.com.br/arquivos/ids/185758-800-800/05.--Calefont-Essential-7L-Eco-GL-Mademsa-Superior-1500px-240081720.jpg,2026-09-30T03:29:17Z
856900919,240085495,Calefont Gas Licuado Mademsa 10 Litros Tiro Forzado Sensor Monóxido de Carbono 10 Eco GL,Mademsa,Calefont,SI,https://www.tiendamademsa.cl/calefon-mademsa-safety-sensor-10-eco-gl/p,https://electroluxcl.vteximg.com.br/arquivos/ids/194373-800-800/01.--Calefont-Gas-Licuado-Mademsa-10-Litros-Tiro-Forzado-GL-con-Sensor-CO-Blanco---SS10ECOGL--Principal---2000px.jpg,https://electroluxcl.vteximg.com.br/arquivos/ids/194374-800-800/04.--Calefont-Gas-Licuado-Mademsa-10-Litros-Tiro-Forzado-GL-con-Sensor-CO-Blanco---SS10ECOGL--Dimensiones--2000px.jpg,https://electroluxcl.vteximg.com.br/arquivos/ids/194375-800-800/05.--Calefont-Gas-Licuado-Mademsa-10-Litros-Tiro-Forzado-GL-con-Sensor-CO-Blanco---SS10ECOGL--Perspectiva--2000px.jpg,https://electroluxcl.vteximg.com.br/arquivos/ids/194376-800-800/06.--Calefont-Gas-Licuado-Mademsa-10-Litros-Tiro-Forzado-GL-con-Sensor-CO-Blanco---SS10ECOGL--Vista-Superior--2000px.jpg,2026-09-30T03:29:17Z
856900688,240081722,Calefont Gas Licuado Mademsa 10 Litros Tiro Natural Ionizado Essential 10 Eco GL Blanco,Mademsa,Calefont,SI,https://www.tiendamademsa.cl/calefon-mademsa-essential-10-eco-gl/p,https://electroluxcl.vteximg.com.br/arquivos/ids/185792-800-800/01.--Calefont-Essential-10L-Eco-GL-Mademsa-Frontal-1500px-240081722.jpg,https://electroluxcl.vteximg.com.br/arquivos/ids/185793-800-800/ESSENTIAL-10-ECO-GL_DIMENSIONES_2000px.jpg.jpg,https://electroluxcl.vteximg.com.br/arquivos/ids/185794-800-800/03.--Calefont-Essential-10L-Eco-GL-Mademsa-Perspectiva-1500px-240081722.jpg,https://electroluxcl.vteximg.com.br/arquivos/ids/185795-800-800/05.--Calefont-Essential-10L-Eco-GL-Mademsa-Superior-1500px-240081722.jpg,2026-09-30T03:29:17Z
856900680,240081727,Calefont Gas Licuado Mademsa 11 Litros Tiro Natural Ionizado Essential 11 Eco GL Blanco,Mademsa,Calefont,SI,https://www.tiendamademsa.cl/calefon-mademsa-essential-11-eco-gl/p,https://electroluxcl.vteximg.com.br/arquivos/ids/185764-800-800/01.--Calefont-Essential-11L-Eco-GL-Mademsa-Frontal-1500px-240081727.jpg,https://electroluxcl.vteximg.com.br/arquivos/ids/185765-800-800/ESSENTIAL-11-ECO-GL_DIMENSIONES_2000px.jpg.jpg,https://electroluxcl.vteximg.com.br/arquivos/ids/185766-800-800/03.--Calefont-Essential-11L-Eco-GL-Mademsa-Perspectiva-1500px-240081727.jpg,https://electroluxcl.vteximg.com.br/arquivos/ids/185767-800-800/05.--Calefont-Essential-11L-Eco-GL-Mademsa-Superior-1500px-240081727.jpg,2026-09-30T03:29:17Z
856900797,240081734,Calefont Gas Licuado Mademsa 13 Litros Tiro Balanceado Cámara Estanca Balanced 13 Eco GL,Mademsa,Calefont,SI,https://www.tiendamademsa.cl/calefon-balanced-13-eco-gasl/p,https://electroluxcl.vteximg.com.br/arquivos/ids/194383-800-800/01.--Calefont-Gas-Licuado-Mademsa-13-Litros-Tiro-Balanceado-GL-Blanco---CBD13EGL--Principal---2000px.jpg,https://electroluxcl.vteximg.com.br/arquivos/ids/194384-800-800/04.--Calefont-Gas-Licuado-Mademsa-13-Litros-Tiro-Balanceado-GL-Blanco---CBD13EGL--Dimensiones--2000px.jpg,https://electroluxcl.vteximg.com.br/arquivos/ids/194385-800-800/05.--Calefont-Gas-Licuado-Mademsa-13-Litros-Tiro-Balanceado-GL-Blanco---CBD13EGL--Perspectiva--2000px.jpg,https://electroluxcl.vteximg.com.br/arquivos/ids/194386-800-800/06.--Calefont-Gas-Licuado-Mademsa-13-Litros-Tiro-Balanceado-GL-Blanco---CBD13EGL--Vista-Superior--2000px.jpg,2026-09-30T03:29:17Z
856900784,240081732,Calefont Gas Licuado Mademsa 13 Litros Tiro Forzado Modulante Forced 13 Eco GL Blanco,Mademsa,Calefont,SI,https://www.tiendamademsa.cl/240081732-calefon-forced-13-eco-gl/p,https://electroluxcl.vteximg.com.br/arquivos/ids/194393-800-800/01.--Calefont-Gas-Licuado-Mademsa-13-Litros-Tiro-Forzado-GL-Blanco---CF13EGL--Principal---2000px.jpg,https://electroluxcl.vteximg.com.br/arquivos/ids/194394-800-800/03.--Calefont-Gas-Licuado-Mademsa-13-Litros-Tiro-Forzado-GL-Blanco---CF13EGL--Dimensiones--2000px.jpg,https://electroluxcl.vteximg.com.br/arquivos/ids/194395-800-800/04.--Calefont-Gas-Licuado-Mademsa-13-Litros-Tiro-Forzado-GL-Blanco---CF13EGL--Perspectiva--2000px.jpg,https://electroluxcl.vteximg.com.br/arquivos/ids/194396-800-800/05.-B-Calefont-Gas-Licuado-Mademsa-13-Litros-Tiro-Forzado-GL-Blanco---CF13EGL--Vista-Superior--2000px.jpg,2026-09-30T03:29:17Z
856900719,240081728,Calefont Gas Licuado Mademsa 13 Litros Tiro Natural Ionizado Essential 13 Eco GL Blanco,Mademsa,Calefont,SI,https://www.tiendamademsa.cl/calefon-mademsa-essential-13litros-eco-gas-licuado/p,https://electroluxcl.vteximg.com.br/arquivos/ids/185801-800-800/01.--Calefont-Essential-13L-Eco-GL-Mademsa-Frontal-1500px-240081728.jpg,https://electroluxcl.vteximg.com.br/arquivos/ids/185802-800-800/02.--Calefont-Essential-13L-Eco-GL-Mademsa-Hero-Image-1500px-240081728.png,https://electroluxcl.vteximg.com.br/arquivos/ids/185803-800-800/04.--Calefont-Essential-13L-Eco-GL-Mademsa-Medidas-1500px-240081728.png,https://electroluxcl.vteximg.com.br/arquivos/ids/185804-800-800/03.--Calefont-Essential-13L-Eco-GL-Mademsa-Perspectiva-1500px-240081728.jpg,2026-09-30T03:29:17Z
856900733,240081736,Calefont Gas Licuado Mademsa 16 Litros Tiro Balanceado Cámara Estanca Balanced 16 Eco GL,Mademsa,Calefont,SI,https://www.tiendamademsa.cl/calefont-mademsa-tiro-balanceado-balanced-16eco-gas-licuado/p,https://electroluxcl.vteximg.com.br/arquivos/ids/194424-800-800/01.--Calefont-Gas-Licuado-Mademsa-16-Litros-Tiro-Balanceado-GL-Blanco---CBD16EGL--Principal---2000px.jpg,https://electroluxcl.vteximg.com.br/arquivos/ids/194425-800-800/04.--Calefont-Gas-Licuado-Mademsa-16-Litros-Tiro-Balanceado-GL-Blanco---CBD16EGL--Dimensiones--2000px.jpg,https://electroluxcl.vteximg.com.br/arquivos/ids/194426-800-800/05.--Calefont-Gas-Licuado-Mademsa-16-Litros-Tiro-Balanceado-GL-Blanco---CBD16EGL--Perspectiva--2000px.jpg,https://electroluxcl.vteximg.com.br/arquivos/ids/194427-800-800/06.--Calefont-Gas-Licuado-Mademsa-16-Litros-Tiro-Balanceado-GL-Blanco---CBD16EGL--Vista-Superior--2000px.jpg,2026-09-30T03:29:17Z
856900686,240081719,Calefont Gas Licuado Mademsa 5 Litros Tiro Natural Ionizado Essential 5 Eco GL Blanco,Mademsa,Calefont,SI,https://www.tiendamademsa.cl/calefon-mademsa-essential-5-eco-gl/p,https://electroluxcl.vteximg.com.br/arquivos/ids/185773-800-800/01.--Calefont-Essential-5L-Eco-GL-Mademsa-Frontal-1500px-240081719.jpg,https://electroluxcl.vteximg.com.br/arquivos/ids/185774-800-800/02.--Calefont-Essential-5L-Eco-GL-Mademsa-Hero-Image-1500px-240081719.png,https://electroluxcl.vteximg.com.br/arquivos/ids/185775-800-800/04.--Calefont-Essential-5L-Eco-GL-Mademsa-Medidas-1500px-240081719.png,https://electroluxcl.vteximg.com.br/arquivos/ids/185776-800-800/03.--Calefont-Essential-5L-Eco-GL-Mademsa-Perspectiva-1500px-240081719.jpg,2026-09-30T03:29:17Z
856903725,240095616,Calefont Gas Licuado Mademsa 8 Litros Tiro Natural Ionizado CMN08G Gris,Mademsa,Calefont,SI,https://www.tiendamademsa.cl/calefont-gl-tiro-natural-cmn08g-8-litros/p,https://electroluxcl.vteximg.com.br/arquivos/ids/187081-800-800/01.--Calefont-Mademsa-Principal--CMN08G-1500px.jpg,https://electroluxcl.vteximg.com.br/arquivos/ids/187082-800-800/03.--Calefont-Mademsa-Principal-Sellos-CMN08G-1500px.jpg,https://electroluxcl.vteximg.com.br/arquivos/ids/187083-800-800/04.--Calefont-Mademsa-Dimensiones-CMN08G-1500px.jpg,https://electroluxcl.vteximg.com.br/arquivos/ids/187084-800-800/09.--Calefont-Mademsa-Ambientada-CMN08G-1500px.jpg,2026-09-30T03:29:17Z
856900687,240081721,Calefont Gas Licuado Mademsa 8 Litros Tiro Natural Ionizado Essential 8 Eco GL Blanco,Mademsa,Calefont,SI,https://www.tiendamademsa.cl/calefont-mademsa-essential-8-litros-eco-gas-licuado/p,https://electroluxcl.vteximg.com.br/arquivos/ids/185783-800-800/01.--Calefont-Essential-8L-Eco-GL-Mademsa-Frontal-1500px-240081721.jpg,https://electroluxcl.vteximg.com.br/arquivos/ids/185784-800-800/ESSENTIAL-8-ECO-GL_DIMENSIONES_2000px.jpg.jpg,https://electroluxcl.vteximg.com.br/arquivos/ids/185785-800-800/03.--Calefont-Essential-8L-Eco-GL-Mademsa-Perspectiva-1500px-240081721.jpg,https://electroluxcl.vteximg.com.br/arquivos/ids/185786-800-800/05.--Calefont-Essential-8L-Eco-GL-Mademsa-Superior-1500px-240081721.jpg,2026-09-30T03:29:17Z
856900783,240081730,Calefont Gas Licuado Mademsa CF10EGL 10 Litros Tiro Forzado GL Blanco,Mademsa,Calefont,SI,https://www.tiendamademsa.cl/240081730-calefon-forced-10-eco-gl/p,https://electroluxcl.vteximg.com.br/arquivos/ids/194343-800-800/01.--Calefont-Gas-Licuado-Mademsa-10-Litros-Tiro-Forzado-GL-Blanco---CF10EGL--Principal---2000px.jpg,https://electroluxcl.vteximg.com.br/arquivos/ids/194344-800-800/03.--Calefont-Gas-Licuado-Mademsa-10-Litros-Tiro-Forzado-GL-Blanco---CF10EGL--Dimensiones--2000px.jpg,https://electroluxcl.vteximg.com.br/arquivos/ids/194345-800-800/04.--Calefont-Gas-Licuado-Mademsa-10-Litros-Tiro-Forzado-GL-Blanco---CF10EGL--Perspectiva--2000px.jpg,https://electroluxcl.vteximg.com.br/arquivos/ids/194346-800-800/05.--Calefont-Gas-Licuado-Mademsa-10-Litros-Tiro-Forzado-GL-Blanco---CF10EGL--Vista-Superior--2000px.jpg,2026-09-30T03:29:17Z
856900803,240081731,Calefont Gas Natural Mademsa 10 Litros Tiro Forzado Modulante Forced 10 Eco GN Blanco,Mademsa,Calefont,SI,https://www.tiendamademsa.cl/240081731-calefon-forced-10-eco-gn/p,https://electroluxcl.vteximg.com.br/arquivos/ids/194363-800-800/01.--Calefont-Gas-Natural-Mademsa-10-Litros-Tiro-Forzado-GN-Blanco---CF10EGN--Principal---2000px.jpg,https://electroluxcl.vteximg.com.br/arquivos/ids/194364-800-800/03.--Calefont-Gas-Natural-Mademsa-10-Litros-Tiro-Forzado-GN-Blanco---CF10EGN--Dimensiones--2000px.jpg,https://electroluxcl.vteximg.com.br/arquivos/ids/194365-800-800/04.--Calefont-Gas-Natural-Mademsa-10-Litros-Tiro-Forzado-GN-Blanco---CF10EGN--Perspectiva--2000px.jpg,https://electroluxcl.vteximg.com.br/arquivos/ids/194366-800-800/05.--Calefont-Gas-Natural-Mademsa-10-Litros-Tiro-Forzado-GN-Blanco---CF10EGN--Vista-Superior--2000px.jpg,2026-09-30T03:29:17Z
856900785,240081723,Calefont Gas Natural Mademsa 10 Litros Tiro Natural Ionizado Essential 10 Eco GN Blanco,Mademsa,Calefont,NO,https://www.tiendamademsa.cl/calefon-essential-10-eco-gasn/p,https://electroluxcl.vteximg.com.br/arquivos/ids/194353-800-800/01.--Calefont-Essential-10L-Eco-GN-Mademsa-Frontal-1500px-240081723.jpg,https://electroluxcl.vteximg.com.br/arquivos/ids/194354-800-800/02.--Calefont-Essential-10L-Eco-GN-Mademsa-Hero-Image-1500px-240081723.png,https://electroluxcl.vteximg.com.br/arquivos/ids/194355-800-800/04.--Calefont-Essential-10L-Eco-GN-Mademsa-Medidas-1500px-240081723.png,https://electroluxcl.vteximg.com.br/arquivos/ids/194356-800-800/03.--Calefont-Essential-10L-Eco-GN-Mademsa-Perspectiva-1500px-240081723.jpg,2026-09-30T03:29:17Z
856900790,240081729,Calefont Gas Natural Mademsa 13 Litros Tiro Natural Ionizado Essential 13 Eco GN Blanco,Mademsa,Calefont,SI,https://www.tiendamademsa.cl/calefon-essential-13-eco-gn/p,https://electroluxcl.vteximg.com.br/arquivos/ids/186476-800-800/01.--Calefont-Essential-13L-Eco-GN-Mademsa-Frontal-1500px-240081729.jpg,https://electroluxcl.vteximg.com.br/arquivos/ids/186477-800-800/02.--Calefont-Essential-13L-Eco-GN-Mademsa-Hero-Image-1500px-240081729.png,https://electroluxcl.vteximg.com.br/arquivos/ids/186478-800-800/04.--Calefont-Essential-13L-Eco-GN-Mademsa-Medidas-1500px-240081729.png,https://electroluxcl.vteximg.com.br/arquivos/ids/186479-800-800/03.--Calefont-Essential-13L-Eco-GN-Mademsa-Perspectiva-1500px-240081729.jpg,2026-09-30T03:29:17Z
856900798,240081733,Calefont Mademsa Electrico Ionizado 13 Litros Gas Natural Forced Eco GN,Mademsa,Calefont,SI,https://www.tiendamademsa.cl/240081733-calefont-forced-13-eco-gn/p,https://electroluxcl.vteximg.com.br/arquivos/ids/194404-800-800/01.--Calefont-Gas-Natural-Mademsa-13-Litros-Tiro-Forzado-GN-Blanco---CF13EGN--Principal---2000px.jpg,https://electroluxcl.vteximg.com.br/arquivos/ids/194405-800-800/03.--Calefont-Gas-Natural-Mademsa-13-Litros-Tiro-Forzado-GN-Blanco---CF13EGN--Dimensiones--2000px.jpg,https://electroluxcl.vteximg.com.br/arquivos/ids/194406-800-800/04.--Calefont-Gas-Natural-Mademsa-13-Litros-Tiro-Forzado-GN-Blanco---CF13EGN--Perspectiva--2000px.jpg,https://electroluxcl.vteximg.com.br/arquivos/ids/194407-800-800/05.--Calefont-Gas-Natural-Mademsa-13-Litros-Tiro-Forzado-GN-Blanco---CF13EGN--Vista-Superior--2000px.jpg,2026-09-30T03:29:17Z
856902945,240091826,Campana Cocina Extractora Electrolux Decorativa Isla 90cm Timer y Panel Touch CE9IF Inox,Electrolux,Campanas,SI,https://www.electrolux.cl/campana-cocina-extractora-electrolux-decorativa-isla-90cm-timer-y-panel-touch-ce9if-inox/p,https://electroluxcl.vteximg.com.br/arquivos/ids/179777-800-800/02.--Campana-Electrolux-Zoom-in-CE9IF-2000px.jpg,https://electroluxcl.vteximg.com.br/arquivos/ids/179778-800-800/03.--Campana-Electrolux-Principal-Sellos-CE9IF-2000px.jpg,https://electroluxcl.vteximg.com.br/arquivos/ids/179779-800-800/04.--Campana-Electrolux-Dimensiones-CE9IF-2000px.jpg,https://electroluxcl.vteximg.com.br/arquivos/ids/179780-800-800/05.--Campana-Electrolux-Perspectiva-CE9IF-2000px.jpg,2026-09-30T03:29:17Z
856902944,240091824,Campana Cocina Extractora Electrolux Decorativa Pared 60cm Timer y Panel Touch CE6TF Inox,Electrolux,Campanas,SI,https://www.electrolux.cl/campana-cocina-extractora-electrolux-decorativa-pared-60cm-timer-y-panel-touch-ce6tf-inox/p,https://electroluxcl.vteximg.com.br/arquivos/ids/179759-800-800/02.--Campana-Electrolux-Zoom-In-CE6TF-2000px.jpg,https://electroluxcl.vteximg.com.br/arquivos/ids/179760-800-800/03.--Campana-Electrolux-Principal-Sellos-CE6TF-2000px.jpg,https://electroluxcl.vteximg.com.br/arquivos/ids/179761-800-800/04.--Campana-Electrolux-Dimensiones-CE6TF-2000px.jpg,https://electroluxcl.vteximg.com.br/arquivos/ids/179762-800-800/05.--Campana-Electrolux-Perspectiva-CE6TF-2000px.jpg,2026-09-30T03:29:17Z
856902946,240091827,Campana Cocina Extractora Electrolux Decorativa Pared 90cm Timer y Panel Touch CE9TF Inox,Electrolux,Campanas,SI,https://www.electrolux.cl/campana-cocina-extractora-electrolux-decorativa-pared-90cm-timer-y-panel-touch-ce9tf-inox/p,https://electroluxcl.vteximg.com.br/arquivos/ids/179789-800-800/02.--Campana-Electrolux-Zoom-In-CE9TF-2000px.jpg,https://electroluxcl.vteximg.com.br/arquivos/ids/179790-800-800/03.--Campana-Electrolux-Principal-Sellos-CE9TF-2000px.jpg,https://electroluxcl.vteximg.com.br/arquivos/ids/179791-800-800/04.--Campana-Electrolux-Dimensiones-CE9TF-2000px.jpg,https://electroluxcl.vteximg.com.br/arquivos/ids/179792-800-800/05.--Campana-Electrolux-Perspectiva-CE9TF-2000px.jpg,2026-09-30T03:29:17Z
856903409,240094791,Campana Cocina Isla Electrolux Decorativa 90cm Efficient Luz LED CE9IX Inox,Electrolux,Campanas,SI,https://www.electrolux.cl/240094791-campana-ce9ix/p,https://electroluxcl.vteximg.com.br/arquivos/ids/185208-800-800/01.--Campana-Isla-Electrolux-Principal--CE9IX-2000px.jpg.jpg,https://electroluxcl.vteximg.com.br/arquivos/ids/185209-800-800/03.--Campana-Isla-Electrolux-Sellos-CE9IX-2000px.jpg.jpg,https://electroluxcl.vteximg.com.br/arquivos/ids/185210-800-800/04.--Campana-de-pared-Electrolux-Dimensiones-CE9IX-2000px.jpg.jpg,https://electroluxcl.vteximg.com.br/arquivos/ids/185211-800-800/10.--Campana-de-pared-Electrolux-Ambientada-CE9IX-2000px.jpg.jpg,2026-09-30T03:29:17Z
856903411,240094793,Campana Cocina Pared Electrolux Decorativa 60cm Efficient Luz LED CE6VX Inox,Electrolux,Campanas,SI,https://www.electrolux.cl/240094793-campana-ce6vx/p,https://electroluxcl.vteximg.com.br/arquivos/ids/185228-800-800/01.--Campana-de-pared-Electrolux-Principal--CE6VX-2000px.jpg.jpg,https://electroluxcl.vteximg.com.br/arquivos/ids/185229-800-800/03.--Campana-de-pared-Electrolux-Sellos-CE6VX-2000px.jpg.jpg,https://electroluxcl.vteximg.com.br/arquivos/ids/185230-800-800/04.--Campana-de-pared-Electrolux-Dimensiones-CE6VX-2000px.jpg.jpg,https://electroluxcl.vteximg.com.br/arquivos/ids/185231-800-800/10.--Campana-de-pared-Electrolux-Ambientada-CE6VX-2000px.jpg.jpg,2026-09-30T03:29:17Z
856903410,240094792,Campana Cocina Pared Electrolux Decorativa 90cm Efficient Luz LED CE9VX Inox,Electrolux,Campanas,SI,https://www.electrolux.cl/240094792-campana-ce9vx/p,https://electroluxcl.vteximg.com.br/arquivos/ids/185218-800-800/01.--Campana-de-pared-Electrolux-Principal--CE9VX-2000px.jpg.jpg,https://electroluxcl.vteximg.com.br/arquivos/ids/185219-800-800/03.--Campana-de-pared-Electrolux-Sellos-CE9VX-2000px.jpg.jpg,https://electroluxcl.vteximg.com.br/arquivos/ids/185220-800-800/04.--Campana-de-pared-Electrolux-Dimensiones-CE9VX-2000px.jpg.jpg,https://electroluxcl.vteximg.com.br/arquivos/ids/185221-800-800/10.--Campana-de-pared-Electrolux-Ambientada-CE9VX-2000px.jpg.jpg,2026-09-30T03:29:17Z
856904153,946522213,Campana de Cocina Extractora Electrolux 60cm Alto Poder de Succión y Touch Panel DE6TB Negra,Electrolux,Campanas,SI,https://www.electrolux.cl/campana-de-cocina-extractora-electrolux-60cm-alto-poder-de-succion-y-touch-panel-de6tb-negra/p,https://electroluxcl.vteximg.com.br/arquivos/ids/193850-800-800/01.--Campana-Electrolux-Principal--DE6TB-2000px.jpg,https://electroluxcl.vteximg.com.br/arquivos/ids/193851-800-800/03.--Campana-Electrolux-Principal-Sellos-DE6TB-2000px.jpg,https://electroluxcl.vteximg.com.br/arquivos/ids/193852-800-800/04.--Campana-Electrolux-Dimensiones-DE6TB-2000px.jpg,https://electroluxcl.vteximg.com.br/arquivos/ids/193853-800-800/05.--Campana-Electrolux-Perspectiva-DE6TB-2000px.jpg,2026-09-30T03:29:17Z
856904154,946522219,Campana de Cocina Extractora Electrolux 90cm Alto Poder de Succión y Touch Panel DE9TB Negra,Electrolux,Campanas,SI,https://www.electrolux.cl/campana-de-cocina-extractora-electrolux-90cm-alto-poder-de-succion-y-touch-panel-de9tb-negra/p,https://electroluxcl.vteximg.com.br/arquivos/ids/193862-800-800/01.--Campana-Electrolux-Principal--DE9TB-2000px.jpg,https://electroluxcl.vteximg.com.br/arquivos/ids/193863-800-800/03.--Campana-Electrolux-Principal-Sellos-DE9TB-2000px.jpg,https://electroluxcl.vteximg.com.br/arquivos/ids/193864-800-800/04.--Campana-Electrolux-Dimensiones-DE9TB-2000px.jpg,https://electroluxcl.vteximg.com.br/arquivos/ids/193866-800-800/06.--Campana-Electrolux-Detalle-DE9TB-2000px.jpg,2026-09-30T03:29:17Z
856903556,240095016,Campana de Cocina Extractora Electrolux Retráctil 60cm Efficient Luz LED DE6RI Negra,Electrolux,Campanas,SI,https://www.electrolux.cl/campana-de-cocina-extractora-electrolux-retractil-60cm-efficient-luz-led-de6ri-negra-1/p,https://electroluxcl.vteximg.com.br/arquivos/ids/192943-800-800/01--CA~1.jpg,https://electroluxcl.vteximg.com.br/arquivos/ids/192944-800-800/10--CA~1.jpg,https://electroluxcl.vteximg.com.br/arquivos/ids/192945-800-800/11--CA~1.jpg,https://electroluxcl.vteximg.com.br/arquivos/ids/192946-800-800/06--CA~1.jpg,2026-09-30T03:29:17Z
856903557,240095017,Campana de Cocina Extractora Electrolux Retráctil 60cm Efficient Luz LED DE6RS Inox,Electrolux,Campanas,SI,https://www.electrolux.cl/campana-de-cocina-extractora-electrolux-retractil-60cm-efficient-luz-led-de6rs-inox/p,https://electroluxcl.vteximg.com.br/arquivos/ids/189490-800-800/01.--Campana-Electrolux-Principal--DE6RS-1500px.jpg,https://electroluxcl.vteximg.com.br/arquivos/ids/189491-800-800/03.--Campana-Electrolux-Principal-Sellos-DE6RS-2000px.jpg,https://electroluxcl.vteximg.com.br/arquivos/ids/189492-800-800/04.--Campana-Electrolux-Dimensiones-DE6RS-2000px.jpg,https://electroluxcl.vteximg.com.br/arquivos/ids/189493-800-800/11.--Campana-Electrolux-Ambientada-2-DE6RS-1500px.jpg,2026-09-30T03:29:17Z
856903555,240095015,Campana de Cocina Extractora Electrolux Retráctil 90cm Efficient Luz LED DE9RI Negra,Electrolux,Campanas,SI,https://www.electrolux.cl/campana-de-cocina-extractora-electrolux-retractil-90cm-efficient-luz-led-de9ri-negra/p,https://electroluxcl.vteximg.com.br/arquivos/ids/189803-800-800/01.--Campana-Electrolux-Principal--DE9RI-1500px.jpg,https://electroluxcl.vteximg.com.br/arquivos/ids/189804-800-800/03--CA~1.jpg,https://electroluxcl.vteximg.com.br/arquivos/ids/189805-800-800/04--CA~1.jpg,https://electroluxcl.vteximg.com.br/arquivos/ids/189806-800-800/05--CA~1.jpg,2026-09-30T03:29:17Z
856904149,946522176,Campana de Cocina Extractora Mademsa 60cm Gran Poder de Succión y Filtración dual DM6SB Negra,Mademsa,Campanas,SI,https://www.tiendamademsa.cl/campana-de-cocina-extractora-mademsa-60cm-gran-poder-de-succion-y-filtracion-dual-dm6sb-negra/p,https://electroluxcl.vteximg.com.br/arquivos/ids/193826-800-800/01.--Campana-Mademsa-Principal--DM6SB-2000px.jpg,https://electroluxcl.vteximg.com.br/arquivos/ids/193827-800-800/03.--Campana-Mademsa-Principal-Sellos-DM6SB-2000px.jpg,https://electroluxcl.vteximg.com.br/arquivos/ids/193828-800-800/04.--Campana-Mademsa-Dimensiones-DM6SB-2000px.jpg,https://electroluxcl.vteximg.com.br/arquivos/ids/193829-800-800/05.--Campana-Mademsa-Perspectiva-DM6SB-2000px.jpg,2026-09-30T03:29:17Z
856904150,946522186,Campana de Cocina Extractora Mademsa 60cm Gran Poder de Succión y Filtración dual DM6SS Inox,Mademsa,Campanas,SI,https://www.tiendamademsa.cl/campana-de-cocina-extractora-mademsa-60cm-gran-poder-de-succion-y-filtracion-dual-dm6ss-inox/p,https://electroluxcl.vteximg.com.br/arquivos/ids/193802-800-800/01.--Campana-Mademsa-Principal--DM6SS-2000px.jpg,https://electroluxcl.vteximg.com.br/arquivos/ids/193803-800-800/03.--Campana-Mademsa-Principal-Sellos-DM6SS-2000px.jpg,https://electroluxcl.vteximg.com.br/arquivos/ids/193804-800-800/04.--Campana-Mademsa-Dimensiones-DM6SS-2000px.jpg,https://electroluxcl.vteximg.com.br/arquivos/ids/193805-800-800/05.--Campana-Mademsa-Perspectiva-DM6SS-2000px.jpg,2026-09-30T03:29:17Z
856904151,946522180,Campana de Cocina Extractora Mademsa 80cm Gran Poder de Succión y 3 Velocidades DM8SB Negra,Mademsa,Campanas,SI,https://www.tiendamademsa.cl/campana-de-cocina-extractora-mademsa-80cm-gran-poder-de-succion-y-3-velocidades-dm8sb-negra/p,https://electroluxcl.vteximg.com.br/arquivos/ids/193814-800-800/01.--Campana-Mademsa-Principal--DM8SB-2000px.jpg,https://electroluxcl.vteximg.com.br/arquivos/ids/193815-800-800/03.--Campana-Mademsa-Principal-Sellos-DM8SB-2000px.jpg,https://electroluxcl.vteximg.com.br/arquivos/ids/193816-800-800/04.--Campana-Mademsa-Dimensiones-DM8SB-2000px.jpg,https://electroluxcl.vteximg.com.br/arquivos/ids/193817-800-800/05.--Campana-Mademsa-Perspectiva-DM8SB-2000px.jpg,2026-09-30T03:29:17Z
856904152,946522192,Campana de Cocina Extractora Mademsa 80cm Gran Poder de Succión y Filtración dual DM8SS Inox,Mademsa,Campanas,SI,https://www.tiendamademsa.cl/campana-de-cocina-extractora-mademsa-80cm-gran-poder-de-succion-y-filtracion-dual-dm8ss-inox/p,https://electroluxcl.vteximg.com.br/arquivos/ids/193838-800-800/01.--Campana-Mademsa-Principal--DM8SS-2000px.jpg,https://electroluxcl.vteximg.com.br/arquivos/ids/193839-800-800/03.--Campana-Mademsa-Principal-Sellos-DM8SS-2000px.jpg,https://electroluxcl.vteximg.com.br/arquivos/ids/193840-800-800/04.--Campana-Mademsa-Dimensiones-DM8SS-2000px.jpg,https://electroluxcl.vteximg.com.br/arquivos/ids/193841-800-800/05.--Campana-Mademsa-Perspectiva-DM8SS-2000px.jpg,2026-09-30T03:29:17Z
1692,CA0008091,Campana de Cocina Extractora Mademsa Retráctil 60cm Double Function M60 Inox,Mademsa,Campanas,NO,https://www.tiendamademsa.cl/campana-slim-mademsa-m60_inox/p,https://electroluxcl.vteximg.com.br/arquivos/ids/155653-800-800/CA0008091_CAMPANA-SLIM-MADEMSA-M60_INOX_1.png,https://electroluxcl.vteximg.com.br/arquivos/ids/167890-800-800/Campana_Slim_M60_Inox_Specs_Mademsa_1000X1000.jpg,https://electroluxcl.vteximg.com.br/arquivos/ids/167891-800-800/QR-18561-E-013-01-10847-SLIM-M60.jpg,,2026-09-30T03:29:17Z
856900689,240082089,Campana de Cocina Extractora Mademsa Retráctil 60cm Empotrable MX 6270 Negra,Mademsa,Campanas,SI,https://www.tiendamademsa.cl/campana-mademsa-mx6270-negro/p,https://electroluxcl.vteximg.com.br/arquivos/ids/188891-800-800/MX6270-frontal-Mademsa-2000px.jpg,https://electroluxcl.vteximg.com.br/arquivos/ids/188892-800-800/Campana_MX6270_Specs_Mademsa__Medidas1.jpg,https://electroluxcl.vteximg.com.br/arquivos/ids/188893-800-800/MX6270-ambientada-Mademsa-2000px.jpg,https://electroluxcl.vteximg.com.br/arquivos/ids/188894-800-800/MX6270-3cuartos2-Mademsa-1000px.jpg,2026-09-30T03:29:17Z
856903393,946521896,Termoventilador Mademsa 2000W 2 Velocidades y Termostato TV1000 Blanco,Mademsa,Climatización,SI,https://www.tiendamademsa.cl/946521896-termoventilador-tv1000/p,https://electroluxcl.vteximg.com.br/arquivos/ids/185128-800-800/01.--Termoventilador-Mademsa-Principal--TV1000-1500px.jpg.jpg,https://electroluxcl.vteximg.com.br/arquivos/ids/185129-800-800/03.--Termoventilador-Mademsa-Sellos-TV1000-1500px.jpg.jpg,https://electroluxcl.vteximg.com.br/arquivos/ids/185130-800-800/04.--Termoventilador-Mademsa-Dimensiones-TV1000-1500px.jpg.jpg,https://electroluxcl.vteximg.com.br/arquivos/ids/185131-800-800/08.--Termoventilador-Mademsa-Ambientada-TV1000-1500px.jpg.jpg,2026-09-30T03:29:17Z
856903420,946521889,"Ventilador 2 en 1 Pedestal y Sobremesa Mademsa Control Remoto 40,6cm SFM21 Negro",Mademsa,Climatización,SI,https://www.tiendamademsa.cl/ventilador-2-en-1-sfm21---mademsa/p,https://electroluxcl.vteximg.com.br/arquivos/ids/181062-800-800/01.--Ventilador-Mademsa-Principal-SFM21-2000px.jpg,https://electroluxcl.vteximg.com.br/arquivos/ids/181063-800-800/02.--Ventilador-Mademsa-Dimensiones-1-SFM21-2000px.jpg,https://electroluxcl.vteximg.com.br/arquivos/ids/181064-800-800/03.--Ventilador-Mademsa-Dimensiones-2-SFM21-2000px.jpg,https://electroluxcl.vteximg.com.br/arquivos/ids/181065-800-800/04.--Ventilador-Mademsa-Sellos-SFM21-2000px.jpg,2026-09-30T03:29:17Z
856903422,946521888,"Ventilador Pedestal Mademsa 55W Timer y Altura Regulable 40,6cm SF160 Negro",Mademsa,Climatización,SI,https://www.tiendamademsa.cl/ventilador-sf160-mademsa/p,https://electroluxcl.vteximg.com.br/arquivos/ids/198719-800-800/01.--Ventilador-Mademsa-Principal-SF160-2000px.jpg,https://electroluxcl.vteximg.com.br/arquivos/ids/198720-800-800/03.--Ventilador-Mademsa-Sellos-SF160-2000px.jpg,https://electroluxcl.vteximg.com.br/arquivos/ids/198721-800-800/02.--Ventilador-Mademsa-Dimensiones--SF160-2000px.jpg,https://electroluxcl.vteximg.com.br/arquivos/ids/198722-800-800/05.--Ventilador-Mademsa-Posterior--SF160-2000px.jpg,2026-09-30T03:29:17Z
856903425,946521887,"Ventilador Sobremesa Mademsa 40W 3 Velocidades y Silencioso 40,6cm DFM16 Negro",Mademsa,Climatización,SI,https://www.tiendamademsa.cl/ventilador-sobremesa-dfm16---mademsa/p,https://electroluxcl.vteximg.com.br/arquivos/ids/198730-800-800/01---Ventilador-Mademsa-Principal-DFM16-2000px.jpg,https://electroluxcl.vteximg.com.br/arquivos/ids/198731-800-800/03---Ventilador-Mademsa-Sellos-DFM16-2000px.jpg,https://electroluxcl.vteximg.com.br/arquivos/ids/198732-800-800/02---Ventilador-Mademsa-Dimensiones-DFM16-2000px.jpg,https://electroluxcl.vteximg.com.br/arquivos/ids/198733-800-800/05---Ventilador-Mademsa-Posterior-DFM16-2000px.jpg,2026-09-30T03:29:17Z
856903423,946521886,"Ventilador Sobremesa Mademsa 45W 3 Velocidades y Silencioso 30,5cm DFM12 Negro",Mademsa,Climatización,SI,https://www.tiendamademsa.cl/ventilador-sobremesa-dfm12---mademsa/p,https://electroluxcl.vteximg.com.br/arquivos/ids/198707-800-800/01.--Ventilador-Mademsa-Principal-DFM12-2000px.jpg,https://electroluxcl.vteximg.com.br/arquivos/ids/198708-800-800/03.--Ventilador-Mademsa-Sellos-DFM12-2000px.jpg,https://electroluxcl.vteximg.com.br/arquivos/ids/198709-800-800/02.--Ventilador-Mademsa-Dimensiones-DFM12-2000px.jpg,https://electroluxcl.vteximg.com.br/arquivos/ids/198710-800-800/06.--Ventilador-Mademsa-Posterior-detalle-1-DFM12-2000px.jpg,2026-09-30T03:29:17Z
856904798,900276672,"Cocina a Gas 4 Platos Electrolux Efficient VaporBake, Triple Llama y Grill FE4SXC Inox",Electrolux,Cocinas,NO,https://www.electrolux.cl/cocina-a-gas-4-platos-electrolux-efficient-vaporbake--triple-llama-y-grill-fe4sxc-inox-fe4sxc/p,https://electroluxcl.vteximg.com.br/arquivos/ids/196957-800-800/01.--Cocina-a-Gas-4-Platos-Electrolux-Efficient-FE4SXC-Inox-Principal--2000px.jpg,https://electroluxcl.vteximg.com.br/arquivos/ids/196958-800-800/03.--Cocina-a-Gas-4-Platos-Electrolux-Efficient-FE4SXC-Inox-Principal-Sellos-2000px.jpg,https://electroluxcl.vteximg.com.br/arquivos/ids/196959-800-800/04.--Cocina-a-Gas-4-Platos-Electrolux-Efficient-FE4SXC-Inox-Dimensiones-2000px.jpg,https://electroluxcl.vteximg.com.br/arquivos/ids/196960-800-800/06.-B-Cocina-a-Gas-4-Platos-Electrolux-Efficient-FE4SXC-Inox-Abierto-2000px.jpg,2026-09-30T03:29:17Z
856904161,240094099,Cocina a Gas 4 Platos Mademsa LimpiaFácil y Parrillas de Alambrón FM4ES Silver,Mademsa,Cocinas,SI,https://www.tiendamademsa.cl/cocina-a-gas-4-platos-mademsa-limpiafacil-y-parrillas-de-alambron-fm4es-silver/p,https://electroluxcl.vteximg.com.br/arquivos/ids/198154-800-800/01.--Cocina-Mademsa-Principal--FM4ES-2000px.jpg,https://electroluxcl.vteximg.com.br/arquivos/ids/198155-800-800/04.--Cocina-Mademsa-Principal-Sellos-FM4ES-2000px.jpg,https://electroluxcl.vteximg.com.br/arquivos/ids/198156-800-800/05.--Cocina-Mademsa-Dimensiones-FM4ES-2000px.jpg,https://electroluxcl.vteximg.com.br/arquivos/ids/198157-800-800/07.--Cocina-Mademsa-Perspectiva-abierto-FM4ES-2000px.jpg,2026-09-30T03:29:17Z
856903291,240094553,Cocina a Gas 4 Platos Mademsa LimpiaFácil y Parrillas de Alambrón FM4IP Negra,Mademsa,Cocinas,SI,https://www.tiendamademsa.cl/cocina-a-gas-4-platos-53-6-l/p,https://electroluxcl.vteximg.com.br/arquivos/ids/198164-800-800/01.--Cocina-Mademsa-Principal--FM4IP-2000px.jpg,https://electroluxcl.vteximg.com.br/arquivos/ids/198165-800-800/04.--Cocina-Mademsa-Principal-Sellos-FM4IP-2000px.jpg,https://electroluxcl.vteximg.com.br/arquivos/ids/198166-800-800/05.--Cocina-Mademsa-Dimensiones-FM4IP-2000px.jpg,https://electroluxcl.vteximg.com.br/arquivos/ids/198167-800-800/07.--Cocina-Mademsa-Perspectiva-abierto-FM4IP-2000px.jpg,2026-09-30T03:29:17Z
856903289,240094551,Cocina a Gas 4 Platos Mademsa LimpiaFácil y Tapa Cubierta Vidrio FM4LP Negra,Mademsa,Cocinas,SI,https://www.tiendamademsa.cl/cocina-a-gas-4-platos-fm4lp-53-6-l/p,https://electroluxcl.vteximg.com.br/arquivos/ids/198189-800-800/01.--Cocina-Mademsa-Principal--FM4LP-2000px.jpg,https://electroluxcl.vteximg.com.br/arquivos/ids/198190-800-800/04.--Cocina-Mademsa-Principal-Sellos-FM4LP-2000px.jpg,https://electroluxcl.vteximg.com.br/arquivos/ids/198191-800-800/05.--Cocina-Mademsa-Dimensiones-FM4LP-2000px.jpg,https://electroluxcl.vteximg.com.br/arquivos/ids/198192-800-800/07.--Cocina-Mademsa-Perspectiva-abierto-FM4LP-2000px.jpg,2026-09-30T03:29:17Z
856904050,926565426,Cocina a Gas 5 Platos Electrolux Parrillas Hierro Fundido y PerfectCook F5EPB Negra,Electrolux,Cocinas,SI,https://www.electrolux.cl/cocina-a-gas-5-platos-electrolux-experience-perfectcook-y-parrillas-hierro-fundido-negra-f5epb/p,https://electroluxcl.vteximg.com.br/arquivos/ids/198797-800-800/01.--Cocina-5-platos-Electrolux-F5EPB-Principal--1500px.jpg,https://electroluxcl.vteximg.com.br/arquivos/ids/198798-800-800/03.--Cocina-5-platos-Electrolux-F5EPB-Principal-Sellos-1500px.jpg,https://electroluxcl.vteximg.com.br/arquivos/ids/198799-800-800/04.--Cocina-5-platos-Electrolux-F5EPB-Dimensiones-1500px.jpg,https://electroluxcl.vteximg.com.br/arquivos/ids/198800-800-800/06.--Cocina-5-platos-Electrolux-F5EPB-Perspectiva-Abierto-1500px.jpg,2026-09-30T03:29:17Z
856904051,926565427,Cocina a Gas 5 Platos Electrolux Parrillas Hierro Fundido y PerfectCook F5EPG Glass,Electrolux,Cocinas,SI,https://www.electrolux.cl/cocina-a-gas-5-platos-electrolux-experience-perfectcook-y-parrillas-hierro-fundido-gris-f5epg/p,https://electroluxcl.vteximg.com.br/arquivos/ids/199692-800-800/01.--Cocina-5-platos-Electrolux-F5EPG-Principal--1500px.jpg,https://electroluxcl.vteximg.com.br/arquivos/ids/199693-800-800/03.--Cocina-5-platos-Electrolux-F5EPG-Principal-Sellos-1500px.jpg,https://electroluxcl.vteximg.com.br/arquivos/ids/199694-800-800/04.--Cocina-5-platos-Electrolux-F5EPG-Dimensiones-1500px.jpg,https://electroluxcl.vteximg.com.br/arquivos/ids/199695-800-800/06.--Cocina-5-platos-Electrolux-F5EPG-Perspectiva-Abierto-1500px.jpg,2026-09-30T03:29:17Z
856904054,926565425,Cocina a Gas 4 Platos Electrolux Parrillas Hierro Fundido y PerfectCook F4EPB Negra,Electrolux,Cocinas,SI,https://www.electrolux.cl/cocina-a-gas-4-platos-electrolux-experience-perfectcook-y-parrillas-hierro-fundido-negra-f4epb/p,https://electroluxcl.vteximg.com.br/arquivos/ids/198824-800-800/01.--Cocina-4-platos-Electrolux-F4EPB-Principal--1500px.jpg,https://electroluxcl.vteximg.com.br/arquivos/ids/198825-800-800/03.--Cocina-4-platos-Electrolux-F4EPB-Principal-Sellos-1500px.jpg,https://electroluxcl.vteximg.com.br/arquivos/ids/198826-800-800/04.--Cocina-4-platos-Electrolux-F4EPB-Dimensiones-1500px.jpg,https://electroluxcl.vteximg.com.br/arquivos/ids/198827-800-800/06.--Cocina-4-platos-Electrolux-F4EPB-Perspectiva-Abierto-1500px.jpg,2026-09-30T03:29:17Z
vigente-900276673,900276673,COCINA FE5SXC,Electrolux,Cocinas,NO,https://www.electrolux.cl/cocina-a-gas-5-platos-electrolux-efficient-vaporbake--triple-llama-y-grill-fe5sxc-inox/p,https://electroluxcl.vteximg.com.br/arquivos/ids/196638-800-800/01.--Cocina-a-Gas-5-Platos-Electrolux-Efficient-FE5SXC-Inox-Principal--2000px.jpg,https://electroluxcl.vteximg.com.br/arquivos/ids/196639-800-800/03.--Cocina-a-Gas-5-Platos-Electrolux-Efficient-FE5SXC-Inox-Sellos-2000px.jpg,https://electroluxcl.vteximg.com.br/arquivos/ids/196640-800-800/04.--Cocina-a-Gas-5-Platos-Electrolux-Efficient-FE5SXC-Inox-Dimensiones-2000px.jpg,https://electroluxcl.vteximg.com.br/arquivos/ids/196641-800-800/06.--Cocina-a-Gas-5-Platos-Electrolux-Efficient-FE5SXC-Inox-Abierto-2000px.jpg,2026-09-30T03:29:17Z
vigente-240093788,240093788,COCINA M 520 T,Mademsa,Cocinas,NO,https://www.tiendamademsa.cl/cocina-a-gas-4-platos-gris-m-520-t---mademsa/p,https://electroluxcl.vteximg.com.br/arquivos/ids/180278-800-800/01.--Cocina-Mademsa-Frontal-M-520-T-2000px.jpg,,,,2026-09-30T03:29:17Z
856900607,240077899,Pinza Tenaza Cocina Multifunción Linterna Led Fensa,Fensa,Cocinas,SI,,https://electroluxcl.vteximg.com.br/arquivos/ids/164688-800-800/240077899-Tenasa-1-1000.jpg,,,,2026-09-30T03:29:17Z
856900735,240084444,Encimera a Gas 2 Platos Fensa Encendido Eléctrico y Parrilla Hierro Fundido FCE 2HF GL T Inox,Fensa,Encimeras,SI,https://www.fensa.cl/encimera-a-gas-fensa-fce-2hf-gl-t/p,https://electroluxcl.vteximg.com.br/arquivos/ids/187788-800-800/01.--Encimera-Fensa-Frontal-FCE-2HF-T-1000px.jpg,https://electroluxcl.vteximg.com.br/arquivos/ids/187789-800-800/04.--Encimera-Fensa-Perspectiva-dimensiones-FCE-2HF-T-1000px.jpg,https://electroluxcl.vteximg.com.br/arquivos/ids/187790-800-800/07.--Encimera-Fensa-Ambientada-FCE-2HF-T-1000px.jpg,https://electroluxcl.vteximg.com.br/arquivos/ids/187791-800-800/05.--Encimera-Fensa-Nicho-FCE-2HF-T-1000px.jpg,2026-09-30T03:29:17Z
856904835,900276745,Encimera a Gas 2 Platos Mademsa Encendido Automático y Parrillas de Pletina KM2GX Inox,Mademsa,Encimeras,SI,,https://electroluxcl.vteximg.com.br/arquivos/ids/198268-800-800/01-B-Encimera-a-Gas-KM2GX-Mademsa-Principal-2000px.jpg,,,,2026-09-30T03:29:17Z
856903432,240094832,Encimera a Gas 4 Platos Electrolux Experience Multi Llama y Parrilla de Hierro Fundido KE4XC Inox,Electrolux,Encimeras,SI,https://www.electrolux.cl/encimera-a-gas-4-platos-electrolux-experience-multi-llama-y-parrilla-de-hierro-fundido-ke4xc-inox/p,https://electroluxcl.vteximg.com.br/arquivos/ids/193364-800-800/01.--Encimera-4-platos-KE4XC-Electrolux-Principal---2000px.jpg,https://electroluxcl.vteximg.com.br/arquivos/ids/193365-800-800/03.--Encimera-4-platos-KE4XC-Electrolux-Principal-Sellos--2000px.jpg,https://electroluxcl.vteximg.com.br/arquivos/ids/193366-800-800/04.--Encimera-4-platos-KE4XC-Electrolux-Dimensiones-del-producto--2000px.jpg,https://electroluxcl.vteximg.com.br/arquivos/ids/193367-800-800/05.--Encimera-4-platos-KE4XC-Electrolux-Dimensiones-del-nicho--2000px.jpg,2026-09-30T03:29:17Z
856903434,240094834,Encimera a Gas 4 Platos Electrolux Experience Triple Llama y Parrilla Hierro Fundido KE4GC,Electrolux,Encimeras,SI,https://www.electrolux.cl/encimera-a-gas-4-platos-electrolux-experience-tecnologia-de-coccion-precisa-ke4gc-negra/p,https://electroluxcl.vteximg.com.br/arquivos/ids/193332-800-800/01.--Encimera-4-platos-KE4GC-Electrolux-Principal---2000px.jpg,https://electroluxcl.vteximg.com.br/arquivos/ids/193333-800-800/03.--Encimera-4-platos-KE4GC-Electrolux-Principal-Sellos--2000px.jpg,https://electroluxcl.vteximg.com.br/arquivos/ids/193334-800-800/04.--Encimera-4-platos-KE4GC-Electrolux-Dimensiones-del-producto--2000px.jpg,https://electroluxcl.vteximg.com.br/arquivos/ids/193335-800-800/05.--Encimera-4-platos-KE4GC-Electrolux-Dimensiones-del-nicho--2000px.jpg,2026-09-30T03:29:17Z
856904818,900276747,Encimera a Gas 4 Platos Mademsa Encendido Automático y Parrillas Hierro Fundido KM4CX Inox,Mademsa,Encimeras,SI,https://www.tiendamademsa.cl/encimera-a-gas-4-platos-mademsa-encendido-automatico-y-parrillas-hierro-fundido-km4cx-inox/p,https://electroluxcl.vteximg.com.br/arquivos/ids/195143-800-800/01.--Encimera-a-Gas-4-platos-KM4CX-Mademsa-Principal---2000px.jpg,https://electroluxcl.vteximg.com.br/arquivos/ids/195144-800-800/03.--Encimera-a-Gas-4-platos-KM4CX-Mademsa-Principal-Sellos--2000px.jpg,https://electroluxcl.vteximg.com.br/arquivos/ids/195145-800-800/04.--Encimera-a-Gas-4-platos-KM4CX-Mademsa-Dimensiones-del-producto--2000px.jpg,https://electroluxcl.vteximg.com.br/arquivos/ids/195146-800-800/05.--Encimera-a-Gas-4-platos-KM4CX-Mademsa-Dimensiones-del-nicho--2000px.jpg,2026-09-30T03:29:17Z
856904815,900276746,Encimera a Gas 4 Platos Mademsa Encendido Automático y Parrillas Pletina KM4GX Inox,Mademsa,Encimeras,SI,https://www.tiendamademsa.cl/encimera-a-gas-4-platos-mademsa-encendido-automatico-y-parrillas-de-pletina-km4gx-inox/p,https://electroluxcl.vteximg.com.br/arquivos/ids/195178-800-800/01.--Encimera-a-Gas-4-platos-KM4GX-Mademsa-Principal---2000px.jpg,https://electroluxcl.vteximg.com.br/arquivos/ids/195179-800-800/03.--Encimera-a-Gas-4-platos-KM4GX-Mademsa-Principal-Sellos--2000px.jpg,https://electroluxcl.vteximg.com.br/arquivos/ids/195180-800-800/04.--Encimera-a-Gas-4-platos-KM4GX-Mademsa-Dimensiones-del-producto--2000px.jpg,https://electroluxcl.vteximg.com.br/arquivos/ids/195181-800-800/05.--Encimera-a-Gas-4-platos-KM4GX-Mademsa-Dimensiones-del-nicho--2000px.jpg,2026-09-30T03:29:17Z
856904817,900276748,Encimera a Gas 4 Platos Mademsa Triple Llama y Parrillas Hierro Fundido KM4TX Inox,Mademsa,Encimeras,SI,https://www.tiendamademsa.cl/encimera-a-gas-4-platos-mademsa-triple-llama-y-parrillas-de-hierro-fundido-km4tx-inox/p,https://electroluxcl.vteximg.com.br/arquivos/ids/195155-800-800/01.--Encimera-a-Gas-4-platos-KM4TX-Mademsa-Principal---2000px.jpg,https://electroluxcl.vteximg.com.br/arquivos/ids/195156-800-800/03.--Encimera-a-Gas-4-platos-KM4TX-Mademsa-Principal-Sellos--2000px.jpg,https://electroluxcl.vteximg.com.br/arquivos/ids/195157-800-800/04.--Encimera-a-Gas-4-platos-KM4TX-Mademsa-Dimensiones-del-producto--2000px.jpg,https://electroluxcl.vteximg.com.br/arquivos/ids/195158-800-800/05.--Encimera-a-Gas-4-platos-KM4TX-Mademsa-Dimensiones-del-nicho--2000px.jpg,2026-09-30T03:29:17Z
856903433,240094833,Encimera a Gas 4 Quemadores Electrolux Home Pro Cocción Precisa y Quemador Desplazado KE4HP,Electrolux,Encimeras,SI,https://www.electrolux.cl/encimera-a-gas-4-quemadores-electrolux-home-pro-coccion-precisa-y-quemador-desplazado-ke4hp/p,https://electroluxcl.vteximg.com.br/arquivos/ids/193348-800-800/01.--Encimera-4-platos-KE4HP-Electrolux-Principal---2000px.jpg,https://electroluxcl.vteximg.com.br/arquivos/ids/193349-800-800/03.--Encimera-4-platos-KE4HP-Electrolux-Principal-Sellos--2000px.jpg,https://electroluxcl.vteximg.com.br/arquivos/ids/193350-800-800/04.--Encimera-4-platos-KE4HP-Electrolux-Dimensiones-del-producto--2000px.jpg,https://electroluxcl.vteximg.com.br/arquivos/ids/193351-800-800/05.--Encimera-4-platos-KE4HP-Electrolux-Dimensiones-del-nicho--2000px.jpg,2026-09-30T03:29:17Z
856903431,240094831,Encimera a Gas 5 Platos Electrolux Experience Tecnología de Cocción Precisa KE5GC Negra,Electrolux,Encimeras,SI,https://www.electrolux.cl/encimera-a-gas-5-platos-electrolux-experience-tecnologia-de-coccion-precisa-ke5gc-negra/p,https://electroluxcl.vteximg.com.br/arquivos/ids/193380-800-800/01.--Encimera-5-platos-KE5GC-Electrolux-Principal---2000x1600px.jpg,https://electroluxcl.vteximg.com.br/arquivos/ids/193381-800-800/03.--Encimera-5-platos-KE5GC-Electrolux-Principal-Sellos--2000px.jpg,https://electroluxcl.vteximg.com.br/arquivos/ids/193382-800-800/04.--Encimera-5-platos-KE5GC-Electrolux-Dimensiones-del-producto--2000px.jpg,https://electroluxcl.vteximg.com.br/arquivos/ids/193383-800-800/05.--Encimera-5-platos-KE5GC-Electrolux-Dimensiones-del-nicho--2000px.jpg,2026-09-30T03:29:17Z
856903435,240094835,Encimera a Gas 5 Platos Electrolux Experience Tecnología de Cocción Precisa KE5XC Inox,Electrolux,Encimeras,SI,https://www.electrolux.cl/encimera-a-gas-5-platos-electrolux-experience-tecnologia-de-coccion-precisa-ke5xc-inox/p,https://electroluxcl.vteximg.com.br/arquivos/ids/193412-800-800/01.--Encimera-5-platos-KE5XC-Electrolux-Principal---2000px.jpg,https://electroluxcl.vteximg.com.br/arquivos/ids/193413-800-800/03.--Encimera-5-platos-KE5XC-Electrolux-Principal-Sellos--2000px.jpg,https://electroluxcl.vteximg.com.br/arquivos/ids/193414-800-800/04.--Encimera-5-platos-KE5XC-Electrolux-Dimensiones-del-producto--2000px.jpg,https://electroluxcl.vteximg.com.br/arquivos/ids/193415-800-800/05.--Encimera-5-platos-KE5XC-Electrolux-Dimensiones-del-nicho--2000px.jpg,2026-09-30T03:29:17Z
856903436,240094836,Encimera a Gas 5 Quemadores Electrolux Home Pro Cocción Precisa y Quemador Desplazado KE5HP,Electrolux,Encimeras,SI,https://www.electrolux.cl/encimera-a-gas-5-quemadores-electrolux-home-pro-coccion-precisa-y-quemador-desplazado-ke5hp/p,https://electroluxcl.vteximg.com.br/arquivos/ids/193396-800-800/01.--Encimera-5-platos-KE5HP-Electrolux-Principal---2000px.jpg,https://electroluxcl.vteximg.com.br/arquivos/ids/193397-800-800/03.--Encimera-5-platos-KE5HP-Electrolux-Principal-Sellos--2000px.jpg,https://electroluxcl.vteximg.com.br/arquivos/ids/193398-800-800/04.--Encimera-5-platos-KE5HP-Electrolux-Dimensiones-del-producto--2000px.jpg,https://electroluxcl.vteximg.com.br/arquivos/ids/193399-800-800/05.--Encimera-5-platos-KE5HP-Electrolux-Dimensiones-del-nicho--2000px.jpg,2026-09-30T03:29:17Z
856902947,240093254,Encimera a Inducción 4 Platos Electrolux y PowerBoost IE6LP Negra,Electrolux,Encimeras,SI,https://www.electrolux.cl/encimera-a-induccion-electrolux-4-platos-con-powerboost--ie6lp-/p,https://electroluxcl.vteximg.com.br/arquivos/ids/187874-800-800/01.--Encimera-Electrolux-Principal-IE6LP-1500px.jpg,https://electroluxcl.vteximg.com.br/arquivos/ids/187875-800-800/03.--Encimera-Electrolux-Principal-Sellos-IE6LP-1500px.jpg,https://electroluxcl.vteximg.com.br/arquivos/ids/187876-800-800/04.--Encimera-Electrolux-Dimensiones-IE6LP-1500px.jpg,https://electroluxcl.vteximg.com.br/arquivos/ids/187877-800-800/11.--Encimera-Electrolux-ambientada-IE6LP-1500px.jpg,2026-09-30T03:29:17Z
856903279,240093785,Encimera Eléctrica 2 Platos Electrolux Efficient Cubierta Vitrocerámica y Panel Touch VE3ST,Electrolux,Encimeras,SI,https://www.electrolux.cl/encimera-electrica-2-platos-vitroceramica-efficient-con-control-touch-ve3st---electrolux/p,https://electroluxcl.vteximg.com.br/arquivos/ids/187886-800-800/01---Encimera-Electrolux-Principal--VE3ST-2000px.jpg,https://electroluxcl.vteximg.com.br/arquivos/ids/187887-800-800/03---Encimera-Electrolux-Principal-Sellos-VE3ST-2000px.jpg,https://electroluxcl.vteximg.com.br/arquivos/ids/187888-800-800/04---Encimera-Electrolux-Dimensiones-VE3ST-2000px.jpg,https://electroluxcl.vteximg.com.br/arquivos/ids/187889-800-800/08---Encimera-Electrolux-Ambientada-1-VE3ST-2000px.jpg,2026-09-30T03:29:17Z
856904238,900276699,Encimera Eléctrica 2 Platos Mademsa Vitrocerámica VM2TR Negra,Mademsa,Encimeras,NO,https://www.tiendamademsa.cl/encimera-electrica-2-platos-mademsa-cubierta-vitroceramica-y-timer-digital-vm2tr/p,https://electroluxcl.vteximg.com.br/arquivos/ids/195283-800-800/01.--Encimera-Electrica-Mademsa-VM2TR--Principal---2000px.jpg,https://electroluxcl.vteximg.com.br/arquivos/ids/195284-800-800/03.--Encimera-Electrica-Mademsa-VM2TR--Principal-Sellos--2000px.jpg,https://electroluxcl.vteximg.com.br/arquivos/ids/195285-800-800/04.--Encimera-Electrica-Mademsa-VM2TR--Dimensiones-del-producto--2000px.jpg,https://electroluxcl.vteximg.com.br/arquivos/ids/195286-800-800/05.--Encimera-Electrica-Mademsa-VM2TR--Dimensiones-del-nicho--2000px.jpg,2026-09-30T03:29:17Z
856903280,240093786,Encimera Eléctrica 3 Platos Electrolux Efficient Cubierta Vitrocerámica y Panel Touch VE6DT,Electrolux,Encimeras,SI,https://www.electrolux.cl/encimera-electrica-3-platos-vitroceramica-efficient-con-control-touch-ve6dt---electrolux/p,https://electroluxcl.vteximg.com.br/arquivos/ids/187864-800-800/01---Encimera-Electrolux-Principal--VE6DT-2000px.jpg,https://electroluxcl.vteximg.com.br/arquivos/ids/187865-800-800/03---Encimera-Electrolux-Principal-Sellos-VE6DT-2000px.jpg,https://electroluxcl.vteximg.com.br/arquivos/ids/187866-800-800/04---Encimera-Electrolux-Dimensiones-VE6DT-2000px.jpg,https://electroluxcl.vteximg.com.br/arquivos/ids/187867-800-800/09---Encimera-Electrolux-Ambientada-2-VE6DT-2000px.jpg,2026-09-30T03:29:17Z
1730,240068085,Encimera Eléctrica 3 Platos Fensa Vitrocerámica y Panel Touch FEV 3T Negra,Fensa,Encimeras,SI,https://www.fensa.cl/encimera-fensa-fev-3t/p,https://electroluxcl.vteximg.com.br/arquivos/ids/187834-800-800/00_Encimera-20Fensa-20FEV-203T-20frontal-201500_240068085.jpg,https://electroluxcl.vteximg.com.br/arquivos/ids/187835-800-800/Fensa_Encimera_FEV3T_dimensiones_2000x.jpg,https://electroluxcl.vteximg.com.br/arquivos/ids/187836-800-800/Ambientada--Quemadores-FEV-3T_2000px.jpg,https://electroluxcl.vteximg.com.br/arquivos/ids/187837-800-800/3_Fensa_Encimera_FEV3T_superior_encendida_2000.jpg,2026-09-30T03:29:17Z
856904239,900276700,Encimera Eléctrica 3 Platos Mademsa Victrocerámica VM3TR Negra,Mademsa,Encimeras,SI,https://www.tiendamademsa.cl/encimera-electrica-3-platos-mademsa-cubierta-vitroceramica-y-timer-digital-vm3tr/p,https://electroluxcl.vteximg.com.br/arquivos/ids/195297-800-800/01.--Encimera-Electrica-Mademsa-VM3TR--Principal---2000px.jpg,https://electroluxcl.vteximg.com.br/arquivos/ids/195298-800-800/03.--Encimera-Electrica-Mademsa-VM3TR--Principal-Sellos--2000px.jpg,https://electroluxcl.vteximg.com.br/arquivos/ids/195299-800-800/04.--Encimera-Electrica-Mademsa-VM3TR--Dimensiones-del-producto--2000px.jpg,https://electroluxcl.vteximg.com.br/arquivos/ids/195300-800-800/05.--Encimera-Electrica-Mademsa-VM3TR--Dimensiones-del-nicho--2000px.jpg,2026-09-30T03:29:17Z
856903278,240093784,Encimera Eléctrica 4 Platos Electrolux Efficient Cubierta Vitrocerámica y Panel Touch VE7DT,Electrolux,Encimeras,SI,https://www.electrolux.cl/encimera-electrica-4-platos-vitroceramica-efficient-con-control-touch-ve7dt---electrolux/p,https://electroluxcl.vteximg.com.br/arquivos/ids/187895-800-800/01---Encimera-Electrolux-Principal--VE7DT-2000px.jpg,https://electroluxcl.vteximg.com.br/arquivos/ids/187896-800-800/03---Encimera-Electrolux-Principal-Sellos-VE7DT-2000px.jpg,https://electroluxcl.vteximg.com.br/arquivos/ids/187897-800-800/04---Encimera-Electrolux-Dimensiones-VE7DT-2000px.jpg,https://electroluxcl.vteximg.com.br/arquivos/ids/187898-800-800/09---Encimera-Electrolux-Ambientada-2-VE7DT-2000px.jpg,2026-09-30T03:29:17Z
1731,240068087,Encimera Eléctrica 4 Platos Fensa Vitrocerámica y Panel Touch FEV 4T Negra,Fensa,Encimeras,SI,https://www.fensa.cl/encimera-fensa-fev-4t/p,https://electroluxcl.vteximg.com.br/arquivos/ids/187854-800-800/1_Fensa_Encimera_FEV4T_frontal_1000_240068087.jpg,https://electroluxcl.vteximg.com.br/arquivos/ids/187855-800-800/Fensa_Encimera_FEV4T_dimensiones_2000x.jpg,https://electroluxcl.vteximg.com.br/arquivos/ids/187856-800-800/Ambientada-Encimera-Vitroceramica-4-Quemadores-FEV-4T_2000px.jpg,https://electroluxcl.vteximg.com.br/arquivos/ids/187857-800-800/4_Fensa_Encimera_FEV4T_panel_2000.jpg,2026-09-30T03:29:17Z
856904240,900276701,Encimera Eléctrica 4 Platos Mademsa Vitrocerámica VM4TR Negra,Mademsa,Encimeras,NO,https://www.tiendamademsa.cl/encimera-electrica-4-platos-mademsa-cubierta-vitroceramica-y-timer-digital-vm4tr/p,https://electroluxcl.vteximg.com.br/arquivos/ids/195311-800-800/01.--Encimera-Electrica-Mademsa-VM4TR--Principal---2000px.jpg,https://electroluxcl.vteximg.com.br/arquivos/ids/195312-800-800/03.--Encimera-Electrica-Mademsa-VM4TR--Principal-Sellos--2000px.jpg,https://electroluxcl.vteximg.com.br/arquivos/ids/195313-800-800/04.--Encimera-Electrica-Mademsa-VM4TR--Dimensiones-del-producto--2000px.jpg,https://electroluxcl.vteximg.com.br/arquivos/ids/195314-800-800/05.--Encimera-Electrica-Mademsa-VM3TR--Dimensiones-del-nicho--2000px.jpg,2026-09-30T03:29:17Z
856904236,900276687,Encimera Inducción 2 Platos Electrolux Eléctrica Efficient IE2TP Negra,Electrolux,Encimeras,SI,https://www.electrolux.cl/encimera-induccion-2-platos-electrolux-efficient-powerboost-y-timer-digital-ie2tp-negra/p,https://electroluxcl.vteximg.com.br/arquivos/ids/195254-800-800/01.--Encimera-a-Induccion-Electrolux-IE2TP--Principal---2000px.jpg,https://electroluxcl.vteximg.com.br/arquivos/ids/195255-800-800/03.--Encimera-a-Induccion-Electrolux-IE2TP--Principal-Sellos--2000px.jpg,https://electroluxcl.vteximg.com.br/arquivos/ids/195256-800-800/04.--Encimera-a-Induccion-Electrolux-IE2TP--Dimensiones-del-producto--2000px.jpg,https://electroluxcl.vteximg.com.br/arquivos/ids/195257-800-800/05.--Encimera-a-Induccion-Electrolux-IE2TP--Dimensiones-del-nicho--2000px.jpg,2026-09-30T03:29:17Z
856904237,900276692,Encimera Inducción 4 Platos Electrolux Eléctrica Efficient IE4TW Negra,Electrolux,Encimeras,SI,https://www.electrolux.cl/encimera-induccion-4-platos-electrolux-efficient-powerboost-y-timer-digital-ie4tw-negra/p,https://electroluxcl.vteximg.com.br/arquivos/ids/195269-800-800/01.--Encimera-a-Induccion-Electrolux-IE4TW--Principal---2000px.jpg,https://electroluxcl.vteximg.com.br/arquivos/ids/195270-800-800/03.--Encimera-a-Induccion-Electrolux-IE4TW--Principal-Sellos--2000px.jpg,https://electroluxcl.vteximg.com.br/arquivos/ids/195271-800-800/04.--Encimera-a-Induccion-Electrolux-IE4TW--Dimensiones-del-producto--2000px.jpg,https://electroluxcl.vteximg.com.br/arquivos/ids/195272-800-800/05.--Encimera-a-Induccion-Electrolux-IE4TW--Dimensiones-del-nicho--2000px.jpg,2026-09-30T03:29:17Z
856904377,900276846,Espumador de Leche Electrolux 300ml 460W EMF10 Acero Inoxidable,Electrolux,Espumador de Leche,SI,https://www.electrolux.cl/espumador-de-leche-electrolux-300ml-4-en-1-experience-apagado-automatico-emf10/p,https://electroluxcl.vteximg.com.br/arquivos/ids/198688-800-800/01.--Milk-Frother-Electrolux-Principal--EMF10-2000px.jpg,https://electroluxcl.vteximg.com.br/arquivos/ids/198689-800-800/03.--Milk-Frother-Electrolux-Principal-Sellos-EMF10-2000px.jpg,https://electroluxcl.vteximg.com.br/arquivos/ids/198690-800-800/04.--Milk-Frother-Electrolux-Dimensiones-EMF10-2000px.jpg,https://electroluxcl.vteximg.com.br/arquivos/ids/198691-800-800/05.--Milk-Frother-Electrolux-Superior-EMF10-2000px.jpg,2026-09-30T03:29:17Z
856903812,240095931,Congelador Freezer Mademsa Horizontal Dual 142L Inverter Frío Directo Función Turbo M150DI Blanco,Mademsa,Freezers,SI,https://www.tiendamademsa.cl/congelador-mademsa-horizontal-142l-inverter-con-funcion-turbo-m150di-blanco/p,https://electroluxcl.vteximg.com.br/arquivos/ids/198977-800-800/01.-B-Congelador-Horizontal-Mademsa-Principal--M150DI-2000px.jpg,https://electroluxcl.vteximg.com.br/arquivos/ids/198978-800-800/03.--Congelador-Horizontal-Mademsa-Principal-Sellos-M150DI-2000px.jpg,https://electroluxcl.vteximg.com.br/arquivos/ids/198979-800-800/04.--Congelador-Horizontal-Mademsa-Dimensiones-M150DI-2000px.jpg,https://electroluxcl.vteximg.com.br/arquivos/ids/198980-800-800/05.--Congelador-Horizontal-Mademsa-Abierto-M150DI-2000px.jpg,2026-09-30T03:29:17Z
856903813,240095941,Congelador Freezer Mademsa Horizontal Dual 198L Inverter Frío Directo Función Turbo M200DI Blanco,Mademsa,Freezers,SI,https://www.tiendamademsa.cl/congelador-mademsa-horizontal-198l-inverter-con-funcion-turbo-m200di-blanco/p,https://electroluxcl.vteximg.com.br/arquivos/ids/196512-800-800/01.--Congelador-Horizontal-Mademsa-Principal--M200DI-2000px.jpg,https://electroluxcl.vteximg.com.br/arquivos/ids/196513-800-800/03.--Congelador-Horizontal-Mademsa-Principal-Sellos-M200DI-2000px.jpg,https://electroluxcl.vteximg.com.br/arquivos/ids/196514-800-800/04.--Congelador-Horizontal-Mademsa-Dimensiones-M200DI-2000x1600px.jpg,https://electroluxcl.vteximg.com.br/arquivos/ids/196515-800-800/05.--Congelador-Horizontal-Mademsa-Abierto-M200DI-2000px.jpg,2026-09-30T03:29:17Z
856903815,240095933,Congelador Freezer Mademsa Horizontal Dual 371L Inverter Frío Directo Función Turbo M400DI Blanco,Mademsa,Freezers,SI,https://www.tiendamademsa.cl/congelador-mademsa-horizontal-371l-inverter-con-funcion-turbo-m400di-blanco/p,https://electroluxcl.vteximg.com.br/arquivos/ids/196538-800-800/01.--Congelador-Horizontal-Mademsa-Principal--M400DI-2000px.jpg,https://electroluxcl.vteximg.com.br/arquivos/ids/196539-800-800/03.--Congelador-Horizontal-Mademsa-Principal-Sellos-M400DI-2000px.jpg,https://electroluxcl.vteximg.com.br/arquivos/ids/196540-800-800/04.--Congelador-Horizontal-Mademsa-Dimensiones-M400DI-2000px.jpg,https://electroluxcl.vteximg.com.br/arquivos/ids/196541-800-800/05.--Congelador-Horizontal-Mademsa-Abierto-M400DI-2000px.jpg,2026-09-30T03:29:17Z
856903816,240095942,Congelador Freezer Mademsa Horizontal Dual 98L Inverter Frío Directo Función Turbo M100DI Blanco,Mademsa,Freezers,SI,https://www.tiendamademsa.cl/congelador-mademsa-horizontal-98l-inverter-con-funcion-turbo-m100di-blanco/p,https://electroluxcl.vteximg.com.br/arquivos/ids/196819-800-800/01.--Congelador-Horizontal-Mademsa-Principal--M100DI-2331x3150px.jpg,https://electroluxcl.vteximg.com.br/arquivos/ids/196820-800-800/03.--Congelador-Horizontal-Mademsa-Principal-Sellos-M100DI-2000px.jpg,https://electroluxcl.vteximg.com.br/arquivos/ids/196821-800-800/04.--Congelador-Horizontal-Mademsa-Dimensiones-M100DI-2000px.jpg,https://electroluxcl.vteximg.com.br/arquivos/ids/196822-800-800/05.--Congelador-Horizontal-Mademsa-Abierto-M100DI-2000px.jpg,2026-09-30T03:29:17Z
856901186,240087172,Congelador Freezer Mademsa Vertical 168L Frío Directo con Puerta Reversible M265V Inox,Mademsa,Freezers,SI,https://www.tiendamademsa.cl/freezer-mademsa-congelador-vertical-168l-frio-directo-gris--m265v-/p,https://electroluxcl.vteximg.com.br/arquivos/ids/192451-800-800/01.--Congelador-Vertical-M265V-Mademsa-Frontal-1500px-240087172.jpg,https://electroluxcl.vteximg.com.br/arquivos/ids/192452-800-800/01-2.--Congelador-vertical-Mademsa-Sello-M-265V-2000px.jpg,https://electroluxcl.vteximg.com.br/arquivos/ids/192453-800-800/06.--Congelador-vertical-Mademsa-Dimensiones-M-265V-2000px.jpg,https://electroluxcl.vteximg.com.br/arquivos/ids/192454-800-800/11.--Congelador-Vertical-Mademsa-Ambientada-M265V-1500px-240087172.jpg,2026-09-30T03:29:17Z
856901185,240087171,Congelador Freezer Mademsa Vertical 168L Frío Directo con Puerta Reversible MFV645B Blanco,Mademsa,Freezers,SI,https://www.tiendamademsa.cl/freezer-mademsa-congelador-vertical-168l-frio-directo-blanco--mfv645b-/p,https://electroluxcl.vteximg.com.br/arquivos/ids/192464-800-800/01.--Congelador-Vertical-MFV645B-Mademsa-Frontal-1500px-240087171.jpg,https://electroluxcl.vteximg.com.br/arquivos/ids/192465-800-800/01-2.--Congelador-vertical-Mademsa-Sellos-MFV-645-B-2000px.jpg,https://electroluxcl.vteximg.com.br/arquivos/ids/192466-800-800/01-2.--Congelador-vertical-Mademsa-Dimensiones-MFV-645-B-2000px.jpg,https://electroluxcl.vteximg.com.br/arquivos/ids/192467-800-800/11.--Congelador-Vertical-MFV645B-Mademsa-Ambientada-1500px-240087171.jpg,2026-09-30T03:29:17Z
vigente-240095932,240095932,CONGELADOR HORIZONTAL M300DI,Mademsa,Freezers,NO,https://www.tiendamademsa.cl/congelador-mademsa-horizontal-308l-inverter-con-funcion-turbo-m300di-blanco/p,https://electroluxcl.vteximg.com.br/arquivos/ids/196525-800-800/01.--Congelador-Horizontal-Mademsa-Principal--M300DI-2000px.jpg,https://electroluxcl.vteximg.com.br/arquivos/ids/196526-800-800/03.--Congelador-Horizontal-Mademsa-Principal-Sellos-M300DI-2000px.jpg,https://electroluxcl.vteximg.com.br/arquivos/ids/196527-800-800/04.--Congelador-Horizontal-Mademsa-Dimensiones-M300DI-2000px.jpg,https://electroluxcl.vteximg.com.br/arquivos/ids/196528-800-800/05.--Congelador-Horizontal-Mademsa-Abierto-M300DI-2000px.jpg,2026-09-30T03:29:17Z
856903830,240095946,Mini Congelador Mademsa Vertical Frío Directo 98L Inverter y Control de Temperatura M-191V Negro,Mademsa,Freezers,SI,https://www.tiendamademsa.cl/mini-congelador-mademsa-vertical-frio-directo-98l-inverter-y-control-de-temperatura-m-191v-negro/p,https://electroluxcl.vteximg.com.br/arquivos/ids/193428-800-800/01.--Mini-Congelador-Mademsa-Principal--M-191V-2000px.jpg,https://electroluxcl.vteximg.com.br/arquivos/ids/193429-800-800/03.--Mini-Congelador-Mademsa-Principal-Sellos-M-191V-2000px.jpg,https://electroluxcl.vteximg.com.br/arquivos/ids/193430-800-800/04.--Mini-Congelador-Mademsa-Dimensiones-M-191V-2000px.jpg,https://electroluxcl.vteximg.com.br/arquivos/ids/193431-800-800/01.-B-Mini-Congelador-Mademsa-Principal--M-191V-2000px.jpg,2026-09-30T03:29:17Z
856903092,955117841,Freidora de Aire 5 en 1 Mademsa 12L con Panel Digital 1700W MAF90 Negra,Mademsa,Freidora,SI,https://www.tiendamademsa.cl/freidora-de-aire-5-en-1-mademsa-12l-gris-1700w-con-painel-digital--maf90-/p,https://electroluxcl.vteximg.com.br/arquivos/ids/191548-800-800/01.--Freidora-de-Aire-Mademsa-Principal--MAF90-2000px.jpg,https://electroluxcl.vteximg.com.br/arquivos/ids/191549-800-800/03.--Freidora-de-Aire-Mademsa-Principal-Sellos-MAF90-2000px.jpg,https://electroluxcl.vteximg.com.br/arquivos/ids/191550-800-800/04.--Freidora-de-Aire-Mademsa-Dimensiones-MAF90-2000px.jpg,https://electroluxcl.vteximg.com.br/arquivos/ids/191552-800-800/06.--Freidora-de-Aire-Mademsa-Perspectiva-2-MAF90-2000px.jpg,2026-09-30T03:29:17Z
856904373,900276845,Freidora de Aire Electrolux 11L Panel Digital Dual Doble Cesta 2500W EAF190 Gris,Electrolux,Freidora,SI,https://www.electrolux.cl/freidora-de-aire-electrolux-11l-experience-gris-dual-doble-cesta-2500w-eaf190/p,https://electroluxcl.vteximg.com.br/arquivos/ids/198009-800-800/01.--Freidora-de-aire-Electrolux-Principal--EAF190-2000px.jpg,https://electroluxcl.vteximg.com.br/arquivos/ids/198010-800-800/03.--Freidora-de-aire-Electrolux-Principal-Sellos-EAF190-2000px.jpg,https://electroluxcl.vteximg.com.br/arquivos/ids/198011-800-800/04.--Freidora-de-aire-Electrolux-Dimensiones-EAF190-2000px.jpg,https://electroluxcl.vteximg.com.br/arquivos/ids/198012-800-800/05.--Freidora-de-aire-Electrolux-Detalle-EAF190-2000px.jpg,2026-09-30T03:29:17Z
856904372,900276843,"Freidora de Aire Electrolux 5,1L Panel Digital Visor 360 1500W EAF170 Gris",Electrolux,Freidora,SI,https://www.electrolux.cl/freidora-de-aire-electrolux-5-1l-expert-con-visor360-1500w-eaf170-gris/p,https://electroluxcl.vteximg.com.br/arquivos/ids/197989-800-800/01.--Freidora-de-aire-Electrolux-Principal--EAF170-2000px.jpg,https://electroluxcl.vteximg.com.br/arquivos/ids/197990-800-800/03.--Freidora-de-aire-Electrolux-Principal-Sellos-EAF170-2000px.jpg,https://electroluxcl.vteximg.com.br/arquivos/ids/197991-800-800/04.--Freidora-de-aire-Electrolux-Dimensiones-EAF170-2000px.jpg,https://electroluxcl.vteximg.com.br/arquivos/ids/197992-800-800/06.--Freidora-de-aire-Electrolux-Superior-2-EAF170-2000px.jpg,2026-09-30T03:29:17Z
856903085,955117815,"Freidora de Aire Mademsa 4,6L 1400W MAF15 Negra",Mademsa,Freidora,SI,https://www.tiendamademsa.cl/freidora-de-aire-4-6l-maf15---mademsa/p,https://electroluxcl.vteximg.com.br/arquivos/ids/191567-800-800/01.--Freidora-de-Aire-Mademsa-Principal--MAF15-2000px.jpg,https://electroluxcl.vteximg.com.br/arquivos/ids/191568-800-800/03.--Freidora-de-Aire-Mademsa-Principal-Sellos-MAF15-2000px.jpg,https://electroluxcl.vteximg.com.br/arquivos/ids/191569-800-800/04.--Freidora-de-Aire-Mademsa-Dimensiones-MAF15-2000px.jpg,https://electroluxcl.vteximg.com.br/arquivos/ids/191570-800-800/05.--Freidora-de-Aire-Mademsa-Perspectiva-MAF15-2000px.jpg,2026-09-30T03:29:17Z
856903564,955117889,"Freidora de Aire Mademsa 5,6L con Panel Digital 1400W MAF45 Negra",Mademsa,Freidora,SI,https://www.tiendamademsa.cl/955117889-freidora-de-aire-maf45/p,https://electroluxcl.vteximg.com.br/arquivos/ids/185450-800-800/01.--Freidora-de-Aire-Mademsa-Principal--MAF45-2000px.jpg.jpg,https://electroluxcl.vteximg.com.br/arquivos/ids/185451-800-800/02.--Freidora-de-Aire-Mademsa-Principal-Sellos-MAF45-2000px.jpg.jpg,https://electroluxcl.vteximg.com.br/arquivos/ids/185452-800-800/04.--Freidora-de-Aire-Mademsa-Dimensiones-MAF45-2000px.jpg.jpg,https://electroluxcl.vteximg.com.br/arquivos/ids/185453-800-800/20.--Freidora-de-Aire-Mademsa-Ambientada-MAF45-2000px.jpg.jpg,2026-09-30T03:29:17Z
856904277,900081518,Freidora de Aire Mademsa 7L 1700W MAF70 Negra,Mademsa,Freidora,SI,https://www.tiendamademsa.cl/freidora-de-aire-mademsa-7l-1700w-negra-maf70/p,https://electroluxcl.vteximg.com.br/arquivos/ids/194087-800-800/01.--Freidora-de-aire-Mademsa-MAF70--Principal--2000px.jpg,https://electroluxcl.vteximg.com.br/arquivos/ids/194088-800-800/03.--Freidora-de-aire-Mademsa-MAF70--Principal-Sellos--2000px.jpg,https://electroluxcl.vteximg.com.br/arquivos/ids/194089-800-800/04.--Freidora-de-aire-Mademsa-MAF70--Dimensiones--2000px.jpg,https://electroluxcl.vteximg.com.br/arquivos/ids/194090-800-800/13.--Freidora-de-aire-Mademsa-MAF70--Ambientada-2--2000px.jpg,2026-09-30T03:29:17Z
vigente-955117876,955117876,HERVIDOR ELÉCTRICO MEK40,Mademsa,Hervidores,NO,https://www.tiendamademsa.cl/955117876-hervidor-electrico-mek40/p,https://electroluxcl.vteximg.com.br/arquivos/ids/191424-800-800/01.--Hervidor-Mademsa-Principal--MEK40-1500px.jpg.jpg,https://electroluxcl.vteximg.com.br/arquivos/ids/191425-800-800/03.--Hervidor-Mademsa-Principal-QR-MEK40-1500px.jpg.jpg,https://electroluxcl.vteximg.com.br/arquivos/ids/191426-800-800/04.--Hervidor-Mademsa-Dimensiones-MEK40-1500px.jpg.jpg,https://electroluxcl.vteximg.com.br/arquivos/ids/191427-800-800/05.--Hervidor-Mademsa-Perspectiva-1-MEK40-1500px.jpg.jpg,2026-09-30T03:29:17Z
856904053,926565423,"Cocina a Gas 4 Platos Electrolux Doble Horno, Parrillas Hierro Fundido y PerfectCook F4EDB Negra",Electrolux,Hornos,SI,https://www.electrolux.cl/cocina-a-gas-4-platos-electrolux-experience-doble-horno--perfectcook-y-parrillas-hierro-fundido-negra-f4edb/p,https://electroluxcl.vteximg.com.br/arquivos/ids/198808-800-800/01.--Cocina-4-platos-Electrolux-F4EDB-Principal--1200px.jpg,https://electroluxcl.vteximg.com.br/arquivos/ids/198809-800-800/03.--Cocina-4-platos-Electrolux-F4EDB-Principal-Sellos-1200px.jpg,https://electroluxcl.vteximg.com.br/arquivos/ids/198810-800-800/04.--Cocina-4-platos-Electrolux-F4EDB-Dimensiones-1200px.jpg,https://electroluxcl.vteximg.com.br/arquivos/ids/198811-800-800/07.--Cocina-4-platos-Electrolux-F4EDB-Superior-1200px.jpg,2026-09-30T03:29:17Z
856904807,900276664,Cocina a Gas 4 Platos Mademsa Horno a Vapor y Grill FM4FSC Inox,Mademsa,Hornos,NO,https://www.tiendamademsa.cl/cocina-a-gas-4-platos-mademsa-horno-a-vapor-y-temporizador-fm4fsc-gris/p,https://electroluxcl.vteximg.com.br/arquivos/ids/197181-800-800/Cooker_FM4FSC_Front_Mademsa_Spanish_2000px.jpg,https://electroluxcl.vteximg.com.br/arquivos/ids/197183-800-800/03.--Cocina-a-Gas-4-Platos-Mademsa-FM4FSC--Principal-Sellos-2000px.jpg,https://electroluxcl.vteximg.com.br/arquivos/ids/197184-800-800/04.--Cocina-a-Gas-4-Platos-Mademsa-FM4FSC--Dimensiones-2000px.jpg,https://electroluxcl.vteximg.com.br/arquivos/ids/197185-800-800/06.--Cocina-a-Gas-4-Platos-Mademsa-FM4FSC--Abierto-2000px.jpg,2026-09-30T03:29:17Z
856904814,900276667,Cocina a Gas 4 Platos Mademsa Horno a Vapor y Grill FM4PSC Inox,Mademsa,Hornos,NO,https://www.tiendamademsa.cl/cocina-a-gas-4-platos-mademsa-horno-a-vapor-y-grill-fm4psc-inox/p,https://electroluxcl.vteximg.com.br/arquivos/ids/198922-800-800/01.--Cocina-a-gas-4-platos-Mademsa-FM4PSC-Principal--2000px.jpg,https://electroluxcl.vteximg.com.br/arquivos/ids/198923-800-800/03.--Cocina-a-gas-4-platos-Mademsa-FM4PSC-Principal-Sellos-2000px.jpg,https://electroluxcl.vteximg.com.br/arquivos/ids/198924-800-800/04.--Cocina-a-gas-4-platos-Mademsa-FM4PSC-Dimensiones-2000px.jpg,https://electroluxcl.vteximg.com.br/arquivos/ids/198925-800-800/06.--Cocina-a-gas-4-platos-Mademsa-FM4PSC-Abierto-2000px.jpg,2026-09-30T03:29:17Z
856904808,900276665,Cocina a Gas 4 Platos Mademsa Horno a Vapor y Temporizador FM4TPC Negra,Mademsa,Hornos,SI,https://www.tiendamademsa.cl/cocina-a-gas-4-platos-mademsa-horno-a-vapor-y-temporizador-fm4tpc-negra/p,https://electroluxcl.vteximg.com.br/arquivos/ids/198899-800-800/01.--Cocina-a-gas-4-platos-Mademsa-FM4TPC-Principal--2000px.jpg,https://electroluxcl.vteximg.com.br/arquivos/ids/198900-800-800/03.--Cocina-a-gas-4-platos-Mademsa-FM4TPC-Principal-Sellos-2000px.jpg,https://electroluxcl.vteximg.com.br/arquivos/ids/198901-800-800/04.--Cocina-a-gas-4-platos-Mademsa-FM4TPC-Dimensiones-2000px.jpg,https://electroluxcl.vteximg.com.br/arquivos/ids/198902-800-800/07.--Cocina-a-gas-4-platos-Mademsa-FM4TPC-Superior-2000px.jpg,2026-09-30T03:29:17Z
856904813,900276668,Cocina a Gas 4 Platos Mademsa Horno a Vapor y Triple Llama FM4SSC Inox,Mademsa,Hornos,SI,https://www.tiendamademsa.cl/cocina-a-gas-4-platos-mademsa-horno-a-vapor-y-triple-llama-fm4ssc-inox/p,https://electroluxcl.vteximg.com.br/arquivos/ids/198934-800-800/01.--Cocina-a-gas-4-platos-Mademsa-FM4SSC-Principal--2000px.jpg,https://electroluxcl.vteximg.com.br/arquivos/ids/198935-800-800/03.--Cocina-a-gas-4-platos-Mademsa-FM4SSC-Principal-Sellos-2000px.jpg,https://electroluxcl.vteximg.com.br/arquivos/ids/198936-800-800/04.--Cocina-a-gas-4-platos-Mademsa-FM4SSC-Dimensiones-2000px.jpg,https://electroluxcl.vteximg.com.br/arquivos/ids/198937-800-800/06.--Cocina-a-gas-4-platos-Mademsa-FM4SSC-Abierto-2000px.jpg,2026-09-30T03:29:17Z
856904056,926565424,"Cocina a Gas 5 Platos Electrolux Doble Horno, Parrillas Hierro Fundido y PerfectCook F5EDB Negra",Electrolux,Hornos,SI,https://www.electrolux.cl/cocina-a-gas-5-platos-electrolux-experience-doble-horno--perfectcook-y-parrillas-hierro-fundido-negra-f5edb/p,https://electroluxcl.vteximg.com.br/arquivos/ids/199037-800-800/01.--Cocina-5-platos-Electrolux-F5EDB-Principal--1200px.jpg,https://electroluxcl.vteximg.com.br/arquivos/ids/199038-800-800/03.--Cocina-5-platos-Electrolux-F5EDB-Principal-Sellos-1200px.jpg,https://electroluxcl.vteximg.com.br/arquivos/ids/199039-800-800/04.--Cocina-5-platos-Electrolux-F5EDB-Dimensiones-1200px.jpg,https://electroluxcl.vteximg.com.br/arquivos/ids/199040-800-800/07.--Cocina-5-platos-Electrolux-F5EDB-Superior-1200px.jpg,2026-09-30T03:29:17Z
856904812,900276670,Cocina a Gas 6 Platos Mademsa Horno a Vapor y Parrillas Pletina FM6SPC Negra,Mademsa,Hornos,SI,https://www.tiendamademsa.cl/cocina-a-gas-6-platos-mademsa-horno-a-vapor-y-parrillas-de-pletina-fm6spc-negra/p,https://electroluxcl.vteximg.com.br/arquivos/ids/196594-800-800/01.--Cocina-a-gas-6-platos-Mademsa-FM6SPC--Principal--2000px.jpg,https://electroluxcl.vteximg.com.br/arquivos/ids/196595-800-800/03.--Cocina-a-gas-6-platos-Mademsa-FM6SPC--Principal-Sellos-2000px.jpg,https://electroluxcl.vteximg.com.br/arquivos/ids/196596-800-800/04.-B-Cocina-a-gas-6-platos-Mademsa-FM6SPC--Dimensiones-2000px.jpg,https://electroluxcl.vteximg.com.br/arquivos/ids/196597-800-800/05.--Cocina-a-gas-6-platos-Mademsa-FM6SPC--Perspectiva-2000px.jpg,2026-09-30T03:29:17Z
856903553,240094988,"Horno Empotrable Eléctrico Electrolux 50L Experience Air Fryer, PerfectCook360 y Panel Touch OE5EA",Electrolux,Hornos,SI,https://www.electrolux.cl/horno-empotrable-oe5ea/p,https://electroluxcl.vteximg.com.br/arquivos/ids/188603-800-800/01.--Horno-Empotrable-OE5EA---Electrolux-Principal---2000px-2000x2000.raw.jpg,https://electroluxcl.vteximg.com.br/arquivos/ids/188605-800-800/03.--Horno-Empotrable-OE5EA---Electrolux-Principal-Sellos--2000px-2000x2000.raw.jpg,https://electroluxcl.vteximg.com.br/arquivos/ids/188606-800-800/04.--Horno-Empotrable-OE5EA---Electrolux-Dimensiones-del-producto--2000px-2000x2000.raw.jpg,https://electroluxcl.vteximg.com.br/arquivos/ids/188607-800-800/05.--Horno-Empotrable-OE5EA---Electrolux-Dimensiones-nicho-interno--2000px-2000x2000.raw.jpg,2026-09-30T03:29:17Z
856903079,240092041,Horno Empotrable Eléctrico Electrolux 80L Digital y FoodSensor OE8EF,Electrolux,Hornos,SI,https://www.electrolux.cl/horno-empotrable-electrico-electrolux-80l-experience-con-foodsensor--oe8ef----negro-conveccion-termometro-de-horno-/p,https://electroluxcl.vteximg.com.br/arquivos/ids/179724-800-800/01.--Horno-empotrable-Electrolux-Principal-OE8EF-2000px.png,https://electroluxcl.vteximg.com.br/arquivos/ids/179725-800-800/02.--Horno-empotrable-Electrolux-Principal-Sellos-OE8EF-2000px.png,https://electroluxcl.vteximg.com.br/arquivos/ids/179726-800-800/03.--Horno-empotrable-Electrolux-Abierto-sin-contenido-OE8EF-2000px.png,https://electroluxcl.vteximg.com.br/arquivos/ids/179727-800-800/04.--Horno-empotrable-Electrolux-Dimensiones-OE8EF-2000px.jpg,2026-09-30T03:29:17Z
856903552,240094987,Horno Empotrable Eléctrico Electrolux 80L Efficient con PerfectCook OE8EL,Electrolux,Hornos,SI,https://www.electrolux.cl/horno-empotrable-electrico-electrolux-80l-oe8el/p,https://electroluxcl.vteximg.com.br/arquivos/ids/188563-800-800/01.--Horno-Empotrable-OE8EL---Electrolux-Principal---2000px-2000x2000.raw.jpg,https://electroluxcl.vteximg.com.br/arquivos/ids/188565-800-800/03.--Horno-Empotrable-OE8EL---Electrolux-Principal-Sellos--2000px-2000x2000.raw.jpg,https://electroluxcl.vteximg.com.br/arquivos/ids/188566-800-800/04.--Horno-Empotrable-OE8EL---Electrolux-Dimensiones-del-producto--2000px-2000x2000.raw.jpg,https://electroluxcl.vteximg.com.br/arquivos/ids/188567-800-800/05.--Horno-Empotrable-OE8EL---Electrolux-Dimensiones-nicho-interno--2000px-2000x2000.raw.jpg,2026-09-30T03:29:17Z
856903551,240094986,"Horno Empotrable Eléctrico Electrolux 80L Experience Air Fryer, PerfectCook360 y Panel Touch OE8EA",Electrolux,Hornos,SI,https://www.electrolux.cl/horno-empotrable-oe8ea--/p,https://electroluxcl.vteximg.com.br/arquivos/ids/188541-800-800/01.--Horno-Empotrable-OE8EA---Electrolux-Principal---2000px-2000x2000.raw.jpg,https://electroluxcl.vteximg.com.br/arquivos/ids/188543-800-800/02.--Horno-Empotrable-OE8EA---Electrolux-Principal-Sellos--2000px-2000x2000.raw.jpg,https://electroluxcl.vteximg.com.br/arquivos/ids/188544-800-800/04.--Horno-Empotrable-OE8EA---Electrolux-Dimensiones-del-producto--2000px-2000x2000.raw.jpg,https://electroluxcl.vteximg.com.br/arquivos/ids/188545-800-800/05.--Horno-Empotrable-OE8EA---Electrolux-Dimensiones-nicho-interno--2000px-2000x2000.raw.jpg,2026-09-30T03:29:17Z
856900043,240081068,Horno Empotrable Eléctrico Fensa 59L Timer Digital y Turbo Convector FHE 1190T Negro,Fensa,Hornos,SI,https://www.fensa.cl/horno-fhe-1190t/p,https://electroluxcl.vteximg.com.br/arquivos/ids/162794-800-800/01_Horno-empotrado-Fensa-FHE-1190T_frontal_1000_240081068.jpg,https://electroluxcl.vteximg.com.br/arquivos/ids/162796-800-800/03_Horno-empotrado-Fensa-FHE-1190T_frontal-abierto_1000_240081068.jpg,https://electroluxcl.vteximg.com.br/arquivos/ids/162797-800-800/04-Horno_Fensa_FHE-1190T_abierto_contenido_1000_240081068.jpg,https://electroluxcl.vteximg.com.br/arquivos/ids/162798-800-800/05-Horno_Fensa_FHE-1190T_Panel_1000_240081068.jpg,2026-09-30T03:29:17Z
856900044,240081069,Horno Empotrable Eléctrico Fensa 59L Timer y Función Mantener Caliente FHE 1130M Negro,Fensa,Hornos,SI,https://www.fensa.cl/fhe-1130-m/p,https://electroluxcl.vteximg.com.br/arquivos/ids/188513-800-800/1-Horno_Fensa_FHE-1130M_Frontal_240081069.jpg,https://electroluxcl.vteximg.com.br/arquivos/ids/188514-800-800/7-Horno_Fensa_FHE-1130M_Instalacion_240081069.png,https://electroluxcl.vteximg.com.br/arquivos/ids/188515-800-800/6-Horno_Fensa_FHE-1130M_ambientado_240081069.jpg,https://electroluxcl.vteximg.com.br/arquivos/ids/188516-800-800/3-Horno_Fensa_FHE-1130M_Frontal_abierto_240081069.jpg,2026-09-30T03:29:17Z
856904353,900276731,Horno Empotrable Eléctrico Mademsa 59L Convector y Temporizador Digital OM6CB Negro,Mademsa,Hornos,SI,https://www.tiendamademsa.cl/horno-empotrable-electrico-mademsa-59l-convector-y-temporizador-digital-om6cb-negro-1/p,https://electroluxcl.vteximg.com.br/arquivos/ids/193650-800-800/01.--Horno-Empotrable-Mademsa-Principal--OM6CB-2000px.jpg,https://electroluxcl.vteximg.com.br/arquivos/ids/193651-800-800/03.--Horno-Empotrable-Mademsa-Principal-Sellos-OM6CB-2000px.jpg,https://electroluxcl.vteximg.com.br/arquivos/ids/193652-800-800/04.--Horno-Empotrable-Mademsa-Dimensiones-OM6CB-2000px.jpg,https://electroluxcl.vteximg.com.br/arquivos/ids/193653-800-800/01.-B-Horno-Empotrable-Mademsa-Principal--OM6CB-2000px.jpg,2026-09-30T03:29:17Z
856904354,900276732,Horno Empotrable Eléctrico Mademsa 59L Convector y Temporizador Digital OM6CX Espejado,Mademsa,Hornos,SI,https://www.tiendamademsa.cl/horno-empotrable-electrico-mademsa-59l-convector-y-temporizador-digital-om6cx-espejado/p,https://electroluxcl.vteximg.com.br/arquivos/ids/193297-800-800/01.--Horno-Empotrable-Mademsa-Principal--OM6CX-2000px.jpg,https://electroluxcl.vteximg.com.br/arquivos/ids/193298-800-800/03.--Horno-Empotrable-Mademsa-Principal-Sellos-OM6CX-2000px.jpg,https://electroluxcl.vteximg.com.br/arquivos/ids/193299-800-800/04.--Horno-Empotrable-Mademsa-Dimensiones-OM6CX-2000px.jpg,https://electroluxcl.vteximg.com.br/arquivos/ids/193300-800-800/01.-B-Horno-Empotrable-Mademsa-Principal--OM6CX-2000px.jpg,2026-09-30T03:29:17Z
856904351,900276730,Horno Empotrable Eléctrico Mademsa 59L Temporizador y Limpia Fácil OM6TB Negro,Mademsa,Hornos,SI,https://www.tiendamademsa.cl/horno-empotrable-electrico-mademsa-59l-temporizador-y-limpiafacil-om6tb-negro/p,https://electroluxcl.vteximg.com.br/arquivos/ids/193261-800-800/01.--Horno-Empotrable-Mademsa-Principal--OM6TB-2000px.jpg,https://electroluxcl.vteximg.com.br/arquivos/ids/193262-800-800/03.--Horno-Empotrable-Mademsa-Principal-Sellos-OM6TB-2000px.jpg,https://electroluxcl.vteximg.com.br/arquivos/ids/193263-800-800/04.--Horno-Empotrable-Mademsa-Dimensiones-OM6TB-2000px.jpg,https://electroluxcl.vteximg.com.br/arquivos/ids/193264-800-800/01.-B-Horno-Empotrable-Mademsa-Principal--OM6TB-2000px.jpg,2026-09-30T03:29:17Z
856904352,900276733,Horno Empotrable Eléctrico Mademsa 59L Temporizador y Limpia Fácil OM6TX Espejado,Mademsa,Hornos,SI,https://www.tiendamademsa.cl/horno-empotrable-electrico-mademsa-59l-temporizador-y-limpiafacil-om6tx-espejado/p,https://electroluxcl.vteximg.com.br/arquivos/ids/193278-800-800/01.--Horno-Empotrable-Mademsa-Principal--OM6TX-2000px.jpg,https://electroluxcl.vteximg.com.br/arquivos/ids/193279-800-800/03.--Horno-Empotrable-Mademsa-Principal-Sellos-OM6TX-2000px.jpg,https://electroluxcl.vteximg.com.br/arquivos/ids/193280-800-800/04.--Horno-Empotrable-Mademsa-Dimensiones-OM6TX-2000px.jpg,https://electroluxcl.vteximg.com.br/arquivos/ids/193281-800-800/01.-B-Horno-Empotrable-Mademsa-Principal--OM6TX-2000px.jpg,2026-09-30T03:29:17Z
856902287,240092078,Centrífuga Mademsa 5Kg Carga Superior con Boquilla Antiderrame Primma 5N Blanca,Mademsa,Lavadoras,SI,https://www.tiendamademsa.cl/240092078-centrifuga-mademsa-primma-5n-5kg/p,https://electroluxcl.vteximg.com.br/arquivos/ids/186438-800-800/01---Centrifuga-Mademsa-Frontal-PRIMMA-5N-1500px.jpg,https://electroluxcl.vteximg.com.br/arquivos/ids/186439-800-800/02---Centrifuga-Mademsa-Hero-Image-PRIMMA-5N-1500px-jpg.png,https://electroluxcl.vteximg.com.br/arquivos/ids/186440-800-800/07---Centrifuga-Mademsa-ambientada-1-PRIMMA-5N-1500px.jpg,https://electroluxcl.vteximg.com.br/arquivos/ids/186441-800-800/04---Centrifuga-Mademsa-Medidas-PRIMMA-5N-1500px.jpg,2026-09-30T03:29:17Z
856904198,900921810,Hidrolavadora Electrolux 1400W Efficient EasyWash QWS1600 Gris,Electrolux,Lavadoras,SI,https://www.electrolux.cl/hidrolavadora-electrolux-1600psi-1400w-easywash-qws1600/p,https://electroluxcl.vteximg.com.br/arquivos/ids/197680-800-800/07.--Hidrolavadora-Efficient-EasyWash--QWS1600--Electrolux-Detalle--2000px.jpg,https://electroluxcl.vteximg.com.br/arquivos/ids/197681-800-800/03.--Hidrolavadora-Efficient-EasyWash--QWS1600--Electrolux-Principal-Sellos--2000px.jpg,https://electroluxcl.vteximg.com.br/arquivos/ids/197682-800-800/01.--Hidrolavadora-Efficient-EasyWash--QWS1600--Electrolux-Principal---2000px.jpg,https://electroluxcl.vteximg.com.br/arquivos/ids/197683-800-800/04.--Hidrolavadora-Efficient-EasyWash--QWS1600--Electrolux-Dimensiones--2000px.jpg,2026-09-30T03:29:17Z
856904199,900921821,Hidrolavadora Electrolux 1400W Efficient EasyWash QWS1650 Amarilla,Electrolux,Lavadoras,SI,https://www.electrolux.cl/hidrolavadora-electrolux-1650psi-1400w-easywash-qws1650/p,https://electroluxcl.vteximg.com.br/arquivos/ids/197644-800-800/07.--Hidrolavadora-Efficient-EasyWash--QWS1650--Electrolux-Detalle--2000px.jpg,https://electroluxcl.vteximg.com.br/arquivos/ids/197645-800-800/03.--Hidrolavadora-Efficient-EasyWash--QWS1650--Electrolux-Principal-Sellos--2000px.jpg,https://electroluxcl.vteximg.com.br/arquivos/ids/197646-800-800/01.--Hidrolavadora-Efficient-EasyWash--QWS1650--Electrolux-Principal---2000px.jpg01.--Hidrolavadora-Efficient-EasyWash--QWS1650--Electrolux-Principal---2000px.jpg,https://electroluxcl.vteximg.com.br/arquivos/ids/197647-800-800/04.--Hidrolavadora-Efficient-EasyWash--QWS1650--Electrolux-Dimensiones--2000px.jpg,2026-09-30T03:29:17Z
856904200,900921809,Hidrolavadora Electrolux 1800W Efficient UltraWash UWS2250 Blanca,Electrolux,Lavadoras,SI,https://www.electrolux.cl/hidrolavadora-electrolux-2250psi-1800w-ultrawash-uws2250/p,https://electroluxcl.vteximg.com.br/arquivos/ids/197662-800-800/07.--Hidrolavadora-Efficient-EasyWash--UWS2250--Electrolux-Detalle--2000px.jpg,https://electroluxcl.vteximg.com.br/arquivos/ids/197663-800-800/03.--Hidrolavadora-Efficient-EasyWash--UWS2250--Electrolux-Principal-Sellos--2000px.jpg,https://electroluxcl.vteximg.com.br/arquivos/ids/197664-800-800/01.--Hidrolavadora-Efficient-EasyWash--UWS2250--Electrolux-Principal---2000px.jpg,https://electroluxcl.vteximg.com.br/arquivos/ids/197665-800-800/04.--Hidrolavadora-Efficient-EasyWash--UWS2250--Electrolux-Dimensiones--2000px.jpg,2026-09-30T03:29:17Z
856904839,900081638,Lavadora Automática Electrolux  18kg Carga Superior Inverter Disolución Máxima Jet&Clean EMTL18IO Onix,Electrolux,Lavadoras,SI,https://www.electrolux.cl/lavadora-electrolux-18kg-carga-superior-inverter-disolucion-maxima-jet-clean-emtl18io-gris-onix/p,https://electroluxcl.vteximg.com.br/arquivos/ids/197873-800-800/01.--Lavadora-carga-superior-EMTL18IO-Principal--2000px.jpg,https://electroluxcl.vteximg.com.br/arquivos/ids/197874-800-800/02.--Lavadora-carga-superior-EMTL18IO-Principal-Sellos-2000px.jpg,https://electroluxcl.vteximg.com.br/arquivos/ids/197875-800-800/03.--Lavadora-carga-superior-EMTL18IO-Dimensiones-2000px.jpg,https://electroluxcl.vteximg.com.br/arquivos/ids/197876-800-800/05.--Lavadora-carga-superior-EMTL18IO-Superior-2000px.jpg,2026-09-30T03:29:17Z
856904841,900081640,Lavadora Automática Electrolux  20kg Carga Superior Inverter Disolución Máxima Jet&Clean EMTL20IO Ónix,Electrolux,Lavadoras,SI,https://www.electrolux.cl/lavadora-electrolux-20kg-carga-superior-inverter-disolucion-maxima-jet-clean-emtl20io-gris-onix/p,https://electroluxcl.vteximg.com.br/arquivos/ids/197909-800-800/01.--Lavadora-carga-superior-EMTL20IO-Principal--2000px.jpg,https://electroluxcl.vteximg.com.br/arquivos/ids/197910-800-800/02.--Lavadora-carga-superior-EMTL20IO-Principal-Sellos-2000px.jpg,https://electroluxcl.vteximg.com.br/arquivos/ids/197911-800-800/03.--Lavadora-carga-superior-EMTL20IO-Dimensiones-2000px.jpg,https://electroluxcl.vteximg.com.br/arquivos/ids/197912-800-800/05.--Lavadora-carga-superior-EMTL20IO-Superior-2000px.jpg,2026-09-30T03:29:17Z
856904275,900276797,Lavadora Automática Electrolux 14Kg Carga Frontal Inverter EFLWM12O Ónix,Electrolux,Lavadoras,SI,https://www.electrolux.cl/lavadora-carga-frontal-electrolux-14kg-onix-eflwm12o/p,https://electroluxcl.vteximg.com.br/arquivos/ids/193946-800-800/01.--Lavadora-Carga-Frontal-EFLWM12O-Electrolux-Principal---2000px.jpg,https://electroluxcl.vteximg.com.br/arquivos/ids/193947-800-800/03.--Lavadora-Carga-Frontal-EFLWM12O-Electrolux-Principal-Sellos--2000px.jpg,https://electroluxcl.vteximg.com.br/arquivos/ids/193948-800-800/04.--Lavadora-Carga-Frontal-EFLWM12O-Electrolux-Dimensiones--2000px.jpg,https://electroluxcl.vteximg.com.br/arquivos/ids/193950-800-800/06.--Lavadora-Carga-Frontal-EFLWM12O-Electrolux-Frontal-Abierto--2000px.jpg,2026-09-30T03:29:17Z
856904838,900081636,Lavadora Automática Electrolux 16kg Carga Superior Inverter Disolución Máxima Jet&Clean EMTL16IO Onix,Electrolux,Lavadoras,SI,https://www.electrolux.cl/lavadora-electrolux-16kg-carga-superior-inverter-disolucion-maxima-jet-clean-emtl16io-gris-onix/p,https://electroluxcl.vteximg.com.br/arquivos/ids/197855-800-800/01.--Lavadora-carga-superior-EMTL16IO-Principal--2000px.jpg,https://electroluxcl.vteximg.com.br/arquivos/ids/197856-800-800/02.--Lavadora-carga-superior-EMTL16IO-Principal-Sellos-2000px.jpg,https://electroluxcl.vteximg.com.br/arquivos/ids/197857-800-800/03.--Lavadora-carga-superior-EMTL16IO-Dimensiones-2000px.jpg,https://electroluxcl.vteximg.com.br/arquivos/ids/197858-800-800/05.--Lavadora-carga-superior-EMTL16IO-Superior-2000px.jpg,2026-09-30T03:29:17Z
856904840,900081639,Lavadora Automática Electrolux 18kg Carga Superior Inverter Disolución Máxima Jet&Clean EMTL18IB Negra,Electrolux,Lavadoras,SI,https://www.electrolux.cl/lavadora-electrolux-18kg-carga-superior-inverter-disolucion-maxima-jet-clean-emtl18ib-negra/p,https://electroluxcl.vteximg.com.br/arquivos/ids/199016-800-800/01.-B-Lavadora-carga-superior-EMTL18IB-Principal--2000px.jpg,https://electroluxcl.vteximg.com.br/arquivos/ids/199017-800-800/02.--Lavadora-carga-superior-EMTL18IB-Principal-Sellos-2000px.jpg,https://electroluxcl.vteximg.com.br/arquivos/ids/199018-800-800/03.--Lavadora-carga-superior-EMTL18IB-Dimensiones-2000px.jpg,https://electroluxcl.vteximg.com.br/arquivos/ids/199019-800-800/05.--Lavadora-carga-superior-EMTL18IB-Superior-2000px.jpg,2026-09-30T03:29:17Z
856903810,240095924,Lavadora Automática Electrolux 21kg Carga Superior Expert Triple Filtrado y Power Jets LEB21 Negra,Electrolux,Lavadoras,SI,https://www.electrolux.cl/lavadora-electrolux-21kg-expert-triple-filtrado-y-power-jets-negra--leb21-/p,https://electroluxcl.vteximg.com.br/arquivos/ids/189289-800-800/01.--Lavadora-Carga-Superior-LEB21-Electrolux-Principal---2000px.jpg,https://electroluxcl.vteximg.com.br/arquivos/ids/189290-800-800/03.--Lavadora-Carga-Superior-LEB21-Electrolux-Principal-Sellos--2000px.jpg,https://electroluxcl.vteximg.com.br/arquivos/ids/189291-800-800/04.--Lavadora-Carga-Superior-LEB21-Electrolux-Dimensiones.jpg,https://electroluxcl.vteximg.com.br/arquivos/ids/189292-800-800/06.--Lavadora-Carga-Superior-LEB21-Electrolux-Superior--2000px.jpg,2026-09-30T03:29:17Z
856904843,900081642,Lavadora Automática Electrolux 21kg Carga Superior Inverter Disolución Máxima Jet&Clean EMTL21IB Negra,Electrolux,Lavadoras,SI,https://www.electrolux.cl/lavadora-electrolux-21kg-carga-superior-inverter-disolucion-maxima-jet-clean-emtl21ib-negra/p,https://electroluxcl.vteximg.com.br/arquivos/ids/197945-800-800/01.--Lavadora-carga-superior-EMTL21IB-Principal--2000px.jpg,https://electroluxcl.vteximg.com.br/arquivos/ids/197946-800-800/02.--Lavadora-carga-superior-EMTL21IB-Principal-Sellos-2000px.jpg,https://electroluxcl.vteximg.com.br/arquivos/ids/197947-800-800/03.--Lavadora-carga-superior-EMTL21IB-Dimensiones-2000px.jpg,https://electroluxcl.vteximg.com.br/arquivos/ids/197948-800-800/06.--Lavadora-carga-superior-EMTL21IB-Tapa-2000px.jpg,2026-09-30T03:29:17Z
856903809,240095923,Lavadora Automática Electrolux 22kg Carga Superior Expert Jet&Clean y Atrapa Pelusas LS22Y Negra,Electrolux,Lavadoras,SI,https://www.electrolux.cl/lavadora-electrolux-22kg-carga-superior-expert-jet-clean-y-atrapa-pelusas-ls22y-negra/p,https://electroluxcl.vteximg.com.br/arquivos/ids/189312-800-800/01.--Lavadora-Carga-Superior-LS22Y-Electrolux-Principal---2000px.jpg,https://electroluxcl.vteximg.com.br/arquivos/ids/189313-800-800/03.--Lavadora-Carga-Superior-LS22Y-Electrolux-Principal-Sellos--2000px.jpg,https://electroluxcl.vteximg.com.br/arquivos/ids/189314-800-800/04.--Lavadora-Carga-Superior-LS22Y-Electrolux-Dimensiones--2000px.jpg,https://electroluxcl.vteximg.com.br/arquivos/ids/189315-800-800/05.--Lavadora-Carga-Superior-LS22Y-Electrolux-Perspectiva--2000px.jpg,2026-09-30T03:29:17Z
856900773,240084176,Lavadora Automática Fensa 16Kg Carga Superior Control Tiempo Premium Care 16SZ Gris,Fensa,Lavadoras,SI,https://www.fensa.cl/lavadora-fensa-automatica-carga-superior-16kg-economica---premium-care-16sz/p,https://electroluxcl.vteximg.com.br/arquivos/ids/183230-800-800/06.--Lavadora-Fensa-Superior-Abierta-Premium-Care-16SZ-1500px.jpg,https://electroluxcl.vteximg.com.br/arquivos/ids/183231-800-800/01.--Lavadora-Fensa-Frontal-Premium-Care-16SZ-1500px.jpg,https://electroluxcl.vteximg.com.br/arquivos/ids/183232-800-800/02.--Lavadora-Fensa-Perspectiva-Premium-Care-16SZ-1500px.jpg,https://electroluxcl.vteximg.com.br/arquivos/ids/183233-800-800/03.--Lavadora-Fensa-Medidas-Premium-Care-16SZ-1500px.jpg,2026-09-30T03:29:17Z
856900913,240086036,"Lavadora Automática Fensa 9,5Kg Carga Superior Control Tiempo Premium Care 9,5SZ Gris",Fensa,Lavadoras,SI,https://www.fensa.cl/240086036-lavadora-premium-care-95-sz/p,https://electroluxcl.vteximg.com.br/arquivos/ids/184367-800-800/04.--Lavadora-Fensa-Superior-Premium-Care-9.5SZ-1500px.jpg,https://electroluxcl.vteximg.com.br/arquivos/ids/184368-800-800/03.--Lavadora-Fensa-Medidas-Premium-Care-9.5SZ-1500px.jpg,https://electroluxcl.vteximg.com.br/arquivos/ids/184369-800-800/07.--Lavadora-Fensa-Ambientada-Premium-Care-9.5SZ-1500px.jpg,https://electroluxcl.vteximg.com.br/arquivos/ids/184370-800-800/02.--Lavadora-Fensa-Perspectiva-Premium-Care-9.5SZ-1500px.jpg,2026-09-30T03:29:17Z
856900915,240086764,Lavadora Automática Mademsa 12Kg Carga Superior Fuzzy Automático 12 BZG Blanca,Mademsa,Lavadoras,SI,https://www.tiendamademsa.cl/lavadora-mademsa-carga-superior-12-bzg/p,https://electroluxcl.vteximg.com.br/arquivos/ids/187661-800-800/04.--Lavadora-carga-superior-Mademsa-Superior-12BZG-1500px.jpg,https://electroluxcl.vteximg.com.br/arquivos/ids/187662-800-800/03.--Lavadora-carga-superior-Mademsa-Medidas-12BZG-1500px.jpg,https://electroluxcl.vteximg.com.br/arquivos/ids/187663-800-800/07.--Lavadora-carga-superior-Mademsa-Ambientada-12BZG-1500px.jpg,https://electroluxcl.vteximg.com.br/arquivos/ids/187664-800-800/02.--Lavadora-carga-superior-Mademsa-Perspectiva-12BZG-1500px.jpg,2026-09-30T03:29:17Z
856900912,240086035,Lavadora Automática Mademsa 12Kg Carga Superior Fuzzy Automático 12 SZG Gris,Mademsa,Lavadoras,NO,https://www.tiendamademsa.cl/lavadora-mademsa-carga-superior-12-szg/p,https://electroluxcl.vteximg.com.br/arquivos/ids/187670-800-800/04.--Lavadora-carga-superior-Mademsa-Superior-12SZG-1500px.jpg,,,,2026-09-30T03:29:17Z
856904803,900081630,Lavadora Automática Mademsa 15Kg Carga Superior Dispensador Easy&Clean MDWMT15W Blanca,Mademsa,Lavadoras,NO,https://www.tiendamademsa.cl/lavadora-automatica-mademsa-15kg-carga-superior-con-dispensador-easy-clean-blanca-mdwmt15w/p,https://electroluxcl.vteximg.com.br/arquivos/ids/196443-800-800/06.--Lavadora-Mademsa-MDWMT15W-Electrolux-Superior--2000px.jpg,https://electroluxcl.vteximg.com.br/arquivos/ids/196444-800-800/03.--Lavadora-Mademsa-MDWMT15W-Electrolux-Principal-Sellos--2000px.jpg,https://electroluxcl.vteximg.com.br/arquivos/ids/196445-800-800/04.--Lavadora-Mademsa-MDWMT15W-Electrolux-Dimensiones--2000px.jpg,https://electroluxcl.vteximg.com.br/arquivos/ids/196446-800-800/01.--Lavadora-Mademsa-MDWMT15W-Electrolux-Principal---2000px.jpg,2026-09-30T03:29:17Z
856904819,900081625,Lavadora Automática Mademsa 16Kg Carga Superior Dispensador Easy&Clean MDWMT16S Silver,Mademsa,Lavadoras,NO,https://www.tiendamademsa.cl/lavadora-automatica-mademsa-16kg-carga-superior-con-dispensador-easy-clean-gris-mdwmt16s-1/p,https://electroluxcl.vteximg.com.br/arquivos/ids/196378-800-800/06.--Lavadora-Mademsa-MDWMT16S-Electrolux-Superior--2000px.jpg,https://electroluxcl.vteximg.com.br/arquivos/ids/196379-800-800/03.--Lavadora-Mademsa-MDWMT16S-Electrolux-Principal-Sellos--2000px.jpg,https://electroluxcl.vteximg.com.br/arquivos/ids/196380-800-800/04.--Lavadora-Mademsa-MDWMT16S-Electrolux-Dimensiones--2000px.jpg,https://electroluxcl.vteximg.com.br/arquivos/ids/196381-800-800/01.--Lavadora-Mademsa-MDWMT16S-Electrolux-Principal---2000px.jpg,2026-09-30T03:29:17Z
856904806,900081624,Lavadora Automática Mademsa 16Kg Carga Superior Dispensador Easy&Clean MDWMT16W Blanca,Mademsa,Lavadoras,NO,https://www.tiendamademsa.cl/lavadora-automatica-mademsa-16kg-carga-superior-con-dispensador-easy-clean-gris-mdwmt16s/p,https://electroluxcl.vteximg.com.br/arquivos/ids/196365-800-800/06.--Lavadora-Mademsa-MDWMT16W-Electrolux-Superior--2000px.jpg,https://electroluxcl.vteximg.com.br/arquivos/ids/196366-800-800/03.--Lavadora-Mademsa-MDWMT16W-Electrolux-Principal-Sellos--2000px.jpg,https://electroluxcl.vteximg.com.br/arquivos/ids/196367-800-800/04.--Lavadora-Mademsa-MDWMT16W-Electrolux-Dimensiones--2000px.jpg,https://electroluxcl.vteximg.com.br/arquivos/ids/196368-800-800/01.--Lavadora-Mademsa-MDWMT16W-Electrolux-Principal---2000px.jpg,2026-09-30T03:29:17Z
856900937,240085913,Lavadora Automática Mademsa 18Kg Carga Superior Dispensador Disolución Máxima 18 SZG Gris,Mademsa,Lavadoras,NO,https://www.tiendamademsa.cl/lavadora-mademsa-carga-superior-18kg-silver-240085913/p,https://electroluxcl.vteximg.com.br/arquivos/ids/184657-800-800/04.--Lavadora-carga-superior-Mademsa-Superior-abierta-18SZG-1500px.jpg,https://electroluxcl.vteximg.com.br/arquivos/ids/184658-800-800/03.--Lavadora-carga-superior-Mademsa-Medidas-18SZG-1500px.jpg,https://electroluxcl.vteximg.com.br/arquivos/ids/184659-800-800/06.--Lavadora-carga-superior-Mademsa-Ambientada-18SZG-1500px.jpg,https://electroluxcl.vteximg.com.br/arquivos/ids/184660-800-800/02.--Lavadora-carga-superior-Mademsa-Perspectiva-18SZG-1500px.jpg,2026-09-30T03:29:17Z
856904804,900081627,Lavadora Automática Mademsa 18Kg Carga Superior Dispensador Easy&Clean MDWMT18S Silver,Mademsa,Lavadoras,SI,https://www.tiendamademsa.cl/lavadora-automatica-mademsa-18kg-carga-superior-con-dispensador-easy-clean-gris-mdwmt18s/p,https://electroluxcl.vteximg.com.br/arquivos/ids/196404-800-800/06.--Lavadora-Mademsa-MDWMT18S-Electrolux-Superior--2000px.jpg,https://electroluxcl.vteximg.com.br/arquivos/ids/196405-800-800/03.--Lavadora-Mademsa-MDWMT18S-Electrolux-Principal-Sellos--2000px.jpg,https://electroluxcl.vteximg.com.br/arquivos/ids/196406-800-800/04.--Lavadora-Mademsa-MDWMT18S-Electrolux-Dimensiones--2000px.jpg,https://electroluxcl.vteximg.com.br/arquivos/ids/196407-800-800/01.--Lavadora-Mademsa-MDWMT18S-Electrolux-Principal---2000px.jpg,2026-09-30T03:29:17Z
856904800,900081626,Lavadora Automática Mademsa 18Kg Carga Superior Dispensador Easy&Clean MDWMT18W Blanca,Mademsa,Lavadoras,SI,https://www.tiendamademsa.cl/lavadora-automatica-mademsa-18kg-carga-superior-con-dispensador-easy-clean-blanca-mdwmt18w/p,https://electroluxcl.vteximg.com.br/arquivos/ids/196391-800-800/06.--Lavadora-Mademsa-MDWMT18W-Electrolux-Superior--2000px.jpg,https://electroluxcl.vteximg.com.br/arquivos/ids/196392-800-800/03.--Lavadora-Mademsa-MDWMT18W-Electrolux-Principal-Sellos--2000px.jpg,https://electroluxcl.vteximg.com.br/arquivos/ids/196393-800-800/04.--Lavadora-Mademsa-MDWMT18W-Electrolux-Dimensiones--2000px.jpg,https://electroluxcl.vteximg.com.br/arquivos/ids/196394-800-800/01.--Lavadora-Mademsa-MDWMT18W-Electrolux-Principal---2000px.jpg,2026-09-30T03:29:17Z
856904802,900081631,Lavadora Automática Mademsa 20Kg Carga Superior Dispensador Easy&Clean MDWMT20O Ónix,Mademsa,Lavadoras,NO,https://www.tiendamademsa.cl/lavadora-automatica-mademsa-20kg-carga-superior-con-dispensador-easy-clean-onix-mdwmt20o/p,https://electroluxcl.vteximg.com.br/arquivos/ids/196456-800-800/06.--Lavadora-Mademsa-MDWMT20O-Electrolux-Superior--2000px.jpg,https://electroluxcl.vteximg.com.br/arquivos/ids/196457-800-800/03.--Lavadora-Mademsa-MDWMT20O-Electrolux-Principal-Sellos--2000px.jpg,https://electroluxcl.vteximg.com.br/arquivos/ids/196458-800-800/04.--Lavadora-Mademsa-MDWMT20O-Electrolux-Dimensiones--2000px.jpg,https://electroluxcl.vteximg.com.br/arquivos/ids/196459-800-800/01.--Lavadora-Mademsa-MDWMT20O-Electrolux-Principal---2000px.jpg,2026-09-30T03:29:17Z
856904801,900081629,Lavadora Automática Mademsa 21Kg Carga Superior Dispensador Easy&Clean MDWMT21O Ónix,Mademsa,Lavadoras,NO,https://www.tiendamademsa.cl/lavadora-automatica-mademsa-21kg-carga-superior-con-dispensador-easy-clean-onix-mdwmt21o/p,https://electroluxcl.vteximg.com.br/arquivos/ids/196430-800-800/06.--Lavadora-Mademsa-MDWMT21O-Electrolux-Superior--2000px.jpg,https://electroluxcl.vteximg.com.br/arquivos/ids/196431-800-800/03.--Lavadora-Mademsa-MDWMT21O-Electrolux-Principal-Sellos-2000px.jpg,https://electroluxcl.vteximg.com.br/arquivos/ids/196432-800-800/04.--Lavadora-Mademsa-MDWMT21O-Electrolux-Dimensiones--2000px.jpg,https://electroluxcl.vteximg.com.br/arquivos/ids/196433-800-800/01.--Lavadora-Mademsa-MDWMT21O-Electrolux-Principal---2000px.jpg,2026-09-30T03:29:17Z
856900911,240086033,"Lavadora Automática Mademsa 9,5Kg Carga Superior Fuzzy Automático 9,5 BZG Blanca",Mademsa,Lavadoras,SI,https://www.tiendamademsa.cl/lavadora-mademsa-carga-superior-9-5-bzg/p,https://electroluxcl.vteximg.com.br/arquivos/ids/193743-800-800/04.--Lavadora-carga-superior-Mademsa-Superior-9.5BZG-1500px.jpg,https://electroluxcl.vteximg.com.br/arquivos/ids/193744-800-800/03.--Lavadora-carga-superior-Mademsa-Medidas-9.5BZG-1500px.jpg,https://electroluxcl.vteximg.com.br/arquivos/ids/193745-800-800/02.--Lavadora-carga-superior-Mademsa-Perspectiva-9.5BZG-1500px.jpg,https://electroluxcl.vteximg.com.br/arquivos/ids/193746-800-800/05.--Lavadora-carga-superior-Mademsa-Panel-9.5BZG-1500px.jpg,2026-09-30T03:29:17Z
856900903,240086034,"Lavadora Automática Mademsa 9,5Kg Carga Superior Fuzzy Automático 9,5 SZG Gris",Mademsa,Lavadoras,SI,https://www.tiendamademsa.cl/lavadora-mademsa-carga-superior-9-5-szg/p,https://electroluxcl.vteximg.com.br/arquivos/ids/192793-800-800/04.--Lavadora-carga-superior-Mademsa-Superior-9.5SZG-1500px.jpg,https://electroluxcl.vteximg.com.br/arquivos/ids/192794-800-800/03.--Lavadora-carga-superior-Mademsa-Medidas-9.5SZG-1500px.png,https://electroluxcl.vteximg.com.br/arquivos/ids/192795-800-800/01.--Lavadora-carga-superior-Mademsa-Frontal-9.5SZG-1500px.jpg,https://electroluxcl.vteximg.com.br/arquivos/ids/192796-800-800/02.--Lavadora-carga-superior-Mademsa-Perspectiva-9.5SZG-1500px.jpg,2026-09-30T03:29:17Z
856904836,900081633,Lavadora Electrolux 13kg Carga Superior Experience Inverter Disolución Máxima Jet&Clean EMTL13IB Negra,Electrolux,Lavadoras,SI,https://www.electrolux.cl/lavadora-electrolux-13kg-carga-superior-experience-inverter-disolucion-maxima-jet-clean-emtl13ib-negra/p,https://electroluxcl.vteximg.com.br/arquivos/ids/197797-800-800/01.--Lavadora-carga-superior-EMTL13IB-Principal--2000px.jpg,https://electroluxcl.vteximg.com.br/arquivos/ids/197798-800-800/02.--Lavadora-carga-superior-EMTL13IB-Principal-Sellos-2000px.jpg,https://electroluxcl.vteximg.com.br/arquivos/ids/197799-800-800/03.--Lavadora-carga-superior-EMTL13IB-Dimensiones-2000px.jpg,https://electroluxcl.vteximg.com.br/arquivos/ids/197800-800-800/05.--Lavadora-carga-superior-EMTL13IB-Superior-2000px.jpg,2026-09-30T03:29:17Z
856904842,900081641,Lavadora Electrolux 21kg Carga Superior Inverter Disolución Máxima Jet&Clean EMTL21IO Gris Ónix,Electrolux,Lavadoras,SI,https://www.electrolux.cl/lavadora-electrolux-21kg-carga-superior-inverter-disolucion-maxima-jet-clean-emtl21io-gris-onix/p,https://electroluxcl.vteximg.com.br/arquivos/ids/197927-800-800/01.--Lavadora-carga-superior-EMTL21IO-Principal--2000px.jpg,https://electroluxcl.vteximg.com.br/arquivos/ids/197928-800-800/03.--Lavadora-carga-superior-EMTL21IO-Sellos2000px.jpg,https://electroluxcl.vteximg.com.br/arquivos/ids/197929-800-800/03.--Lavadora-carga-superior-EMTL21IO-Dimensiones-2000px.jpg,https://electroluxcl.vteximg.com.br/arquivos/ids/197930-800-800/06.--Lavadora-carga-superior-EMTL21IO-Tapa-2000px.jpg,2026-09-30T03:29:17Z
vigente-900081628,900081628,LAVADORA MADEMSA MDWMT20S,Mademsa,Lavadoras,NO,https://www.tiendamademsa.cl/lavadora-automatica-mademsa-20kg-carga-superior-con-dispensador-easy-clean-gris-mdwmt20s/p,https://electroluxcl.vteximg.com.br/arquivos/ids/196417-800-800/06.--Lavadora-Mademsa-MDWMT20S-Electrolux-Superior--2000px.jpg,https://electroluxcl.vteximg.com.br/arquivos/ids/196418-800-800/03.--Lavadora-Mademsa-MDWMT20S-Electrolux-Principal-Sellos--2000px.jpg,https://electroluxcl.vteximg.com.br/arquivos/ids/196419-800-800/04.--Lavadora-Mademsa-MDWMT20S-Electrolux-Dimensiones--2000px.jpg,https://electroluxcl.vteximg.com.br/arquivos/ids/196420-800-800/01.--Lavadora-Mademsa-MDWMT20S-Electrolux-Principal---2000px.jpg,2026-09-30T03:29:17Z
vigente-900276923,900276923,LAVADORA MADEMSA TWINTUB MWMSAT6W 6KG,Mademsa,Lavadoras,NO,https://www.tiendamademsa.cl/lavadora-semi-automatica-mademsa-6kg-carga-superior-doble-tina-mwmsat6w-blanca/p,https://electroluxcl.vteximg.com.br/arquivos/ids/198278-800-800/01-Lavadora-Semi-Automatica-6kg-Carga-Superior-MWMSAT6W-Blanca-Mademsa-Principal-2000px.jpg,https://electroluxcl.vteximg.com.br/arquivos/ids/198279-800-800/03-Lavadora-Semi-Automatica-6kg-Carga-Superior-MWMSAT6W-Blanca-Mademsa-Principal-Sellos-2000px.jpg,https://electroluxcl.vteximg.com.br/arquivos/ids/198280-800-800/04-Lavadora-Semi-Automatica-6kg-Carga-Superior-MWMSAT6W-Blanca-Mademsa-Dimensiones-2000px.jpg,https://electroluxcl.vteximg.com.br/arquivos/ids/198281-800-800/06-Lavadora-Semi-Automatica-6kg-Carga-Superior-MWMSAT6W-Blanca-Mademsa-Superior-2000px.jpg,2026-09-30T03:29:17Z
856904424,900277050,Lavadora Semi Automática Mademsa 9Kg Carga Superior Doble Tina MWMSAT9W Blanca,Mademsa,Lavadoras,SI,https://www.tiendamademsa.cl/lavadora-semi-automatica-mademsa-9kg-carga-superior-doble-tina-mwmsat9w-blanca/p,https://electroluxcl.vteximg.com.br/arquivos/ids/198288-800-800/01-Lavadora-Semi-Automatica-9kg-Carga-Superior-MWMSAT9W-Blanca-Mademsa-Principal-2000px.jpg,https://electroluxcl.vteximg.com.br/arquivos/ids/198289-800-800/03-Lavadora-Semi-Automatica-9kg-Carga-Superior-MWMSAT9W-Blanca-Mademsa-Principal-Sellos-2000px.jpg,https://electroluxcl.vteximg.com.br/arquivos/ids/198290-800-800/04-Lavadora-Semi-Automatica-9kg-Carga-Superior-MWMSAT9W-Blanca-Mademsa-Dimensiones-2000px.jpg,https://electroluxcl.vteximg.com.br/arquivos/ids/198291-800-800/06-Lavadora-Semi-Automatica-9kg-Carga-Superior-MWMSAT9W-Blanca-Mademsa-Superior-2000px.jpg,2026-09-30T03:29:17Z
856904272,900276801,Lavadora Secadora Electrolux 14/8 Kg Carga Frontal Inverter Autodose FLWD12AU Ónix,Electrolux,Lavasecadoras,SI,https://www.electrolux.cl/lavadora-secadora-carga-frontal-autodose-electrolux-14-8kg-onix-flwd12au/p,https://electroluxcl.vteximg.com.br/arquivos/ids/193909-800-800/01.--Lavadora-Secadora-Carga-Frontal-FLWD12AU-Electrolux-Principal---2000px.jpg,https://electroluxcl.vteximg.com.br/arquivos/ids/193910-800-800/03.--Lavadora-Secadora-Carga-Frontal-FLWD12AU-Electrolux-Principal-Sellos--2000x1600px.jpg,https://electroluxcl.vteximg.com.br/arquivos/ids/193911-800-800/04.--Lavadora-Secadora-Carga-Frontal-FLWD12AU-Electrolux-Dimensiones--2000px.jpg,https://electroluxcl.vteximg.com.br/arquivos/ids/193912-800-800/05.--Lavadora-Secadora-Carga-Frontal-FLWD12AU-Electrolux-Perspectiva--2000px.jpg,2026-09-30T03:29:17Z
856904273,900276800,Lavadora Secadora Electrolux 14/8 Kg Carga Frontal Inverter EFLWD12O Ónix,Electrolux,Lavasecadoras,SI,https://www.electrolux.cl/lavadora-secadora-carga-frontal-electrolux-14-8kg-onix-eflwd12o/p,https://electroluxcl.vteximg.com.br/arquivos/ids/193928-800-800/01.--Lavadora-Secadora-Carga-Frontal-EFLWD12O-Electrolux-Principal---2000px.jpg,https://electroluxcl.vteximg.com.br/arquivos/ids/193929-800-800/03.--Lavadora-Secadora-Carga-Frontal-EFLWD12O-Electrolux-Principal-Sellos--2000px.jpg,https://electroluxcl.vteximg.com.br/arquivos/ids/193930-800-800/04.--Lavadora-Secadora-Carga-Frontal-EFLWD12O-Electrolux-Dimensiones--2000px.jpg,https://electroluxcl.vteximg.com.br/arquivos/ids/193931-800-800/05.--Lavadora-Secadora-Carga-Frontal-EFLWD12O-Electrolux-Perspectiva--2000px.jpg,2026-09-30T03:29:17Z
856904274,900276799,Lavadora Secadora Electrolux 14/8 Kg Carga Frontal Inverter EFLWD12W Blanca,Electrolux,Lavasecadoras,SI,https://www.electrolux.cl/lavadora-secadora-carga-frontal-electrolux-14-8kg-blanca-eflwd12w/p,https://electroluxcl.vteximg.com.br/arquivos/ids/193622-800-800/01.--Lavadora-Secadora-Carga-Frontal-EFLWD12W-Electrolux-Principal---2000px.jpg,https://electroluxcl.vteximg.com.br/arquivos/ids/193623-800-800/03.--Lavadora-Secadora-Carga-Frontal-EFLWD12W-Electrolux-Principal-Sellos--2000px.jpg,https://electroluxcl.vteximg.com.br/arquivos/ids/193624-800-800/04.--Lavadora-Secadora-Carga-Frontal-EFLWD12W-Electrolux-Dimensiones--2000px.jpg,https://electroluxcl.vteximg.com.br/arquivos/ids/193627-800-800/06.--Lavadora-Secadora-Carga-Frontal-EFLWD12W-Electrolux-Frontal-Abierto--2000px.jpg,2026-09-30T03:29:17Z
856900056,240081598,Lavadora Secadora Fensa 11Kg Carga Frontal Lavado Inteligente y UltraMix 11WD Blanca,Fensa,Lavasecadoras,SI,https://www.fensa.cl/lavadora-secadora-perfect-care-11wd/p,https://electroluxcl.vteximg.com.br/arquivos/ids/185738-800-800/1_Lavadora-Secadora_Fensa_PerfectCare_11WD_Frontal_1000_240081598.jpg,https://electroluxcl.vteximg.com.br/arquivos/ids/185739-800-800/Lavadora-Secadora_PerfectCare_11WD_Specs_Fensa_1000x1000.jpg,https://electroluxcl.vteximg.com.br/arquivos/ids/185740-800-800/6_Lavadora-Secadora_Fensa_PerfectCare_11WD_ambientada_1000_240081598.jpg,https://electroluxcl.vteximg.com.br/arquivos/ids/185741-800-800/4_Lavadora-Secadora_Fensa_PerfectCare_11WD_perspectiva_3cuartos_1000_240081598.jpg,2026-09-30T03:29:17Z
856900804,240085001,Lavadora Secadora Fensa 11Kg Carga Frontal Lavado Inteligente y UltraMix 11WD Gris,Fensa,Lavasecadoras,SI,https://www.fensa.cl/lavadora-y-secadora-fensa-ultimate-care-11wd/p,https://electroluxcl.vteximg.com.br/arquivos/ids/184349-800-800/1-Lavadora-Secadora-Fensa-UltimateCare-11WD-Frontal.jpg,https://electroluxcl.vteximg.com.br/arquivos/ids/184350-800-800/Lavadora-Secadora_UltimateCare_11WD_Specs_Fensa_1000x1000.jpg,https://electroluxcl.vteximg.com.br/arquivos/ids/184351-800-800/7-Lavadora-Secadora-Fensa-UltimateCare-11WD-ambien.jpg,https://electroluxcl.vteximg.com.br/arquivos/ids/184352-800-800/4-Lavadora-Secadora-Fensa-UltimateCare-11WD-Perspe.jpg,2026-09-30T03:29:17Z
856900052,240081597,Lavadora Secadora Fensa 8Kg Carga Frontal Vapour Care y AutoSense 8WD Blanca,Fensa,Lavasecadoras,SI,https://www.fensa.cl/lavadora-secadora-fensa-perfect-care-8wd/p,https://electroluxcl.vteximg.com.br/arquivos/ids/184325-800-800/1_Lavadora-Secadora_Fensa_PerfectCare_8WD_Frontal_1000_240081597.jpg,https://electroluxcl.vteximg.com.br/arquivos/ids/184326-800-800/Lavadora-Secadora_PerfectCare_8WD_Specs_Fensa_1000x1000.jpg,https://electroluxcl.vteximg.com.br/arquivos/ids/184327-800-800/6_Lavadora-Secadora_Fensa_PerfectCare_8WD_ambientada_1000_240081597.jpg,https://electroluxcl.vteximg.com.br/arquivos/ids/184328-800-800/3_Lavadora-Secadora_Fensa_PerfectCare_8WD_abierta_1000_240081597.jpg,2026-09-30T03:29:17Z
856903558,240093665,Lavavajillas 13 Cubiertos Electrolux Inverter Experience Sistema Air Dry Europe 9880 Inox,Electrolux,Lavavajillas,SI,https://www.electrolux.cl/lavavajillas-13-cubiertos-acero-inoxidable-europe-9880---electrolux/p,https://electroluxcl.vteximg.com.br/arquivos/ids/191348-800-800/01.--Lavavajillas-Electrolux-Principal-Europe-9880-1500px.jpg,https://electroluxcl.vteximg.com.br/arquivos/ids/191349-800-800/03.--Lavavajillas-Electrolux-Sellos-Europe-9880-1500px.jpg,https://electroluxcl.vteximg.com.br/arquivos/ids/191350-800-800/02.--Lavavajillas-Electrolux-Dimensiones-Europe-9880-1500px.jpg,https://electroluxcl.vteximg.com.br/arquivos/ids/191351-800-800/06.--Lavavajillas-Electrolux-abierta-sin-cargar-Europe-9880-1500px.jpg,2026-09-30T03:29:17Z
856901691,240086651,Lavavajillas 14 Cubiertos Fensa Experience Programa Económico y Panel Digital 14SZ Inox,Fensa,Lavavajillas,SI,https://www.fensa.cl/lavavajillas-fensa-14-cubiertos-gris-experience-care-con-programa-economico-14sz/p,https://electroluxcl.vteximg.com.br/arquivos/ids/188746-800-800/01.--Lavavajilla-Fensa-Principal-EXPERIENCE-CARE-14-SZ-1500px.jpg,https://electroluxcl.vteximg.com.br/arquivos/ids/188747-800-800/02.--Lavavajilla-Fensa-Dimensiones-EXPERIENCE-CARE-14-SZ-1500px.jpg,https://electroluxcl.vteximg.com.br/arquivos/ids/188748-800-800/04.--Lavavajilla-Fensa-Perspectiva-EXPERIENCE-CARE-14-SZ-1500px.jpg,https://electroluxcl.vteximg.com.br/arquivos/ids/188749-800-800/05.--Lavavajilla-Fensa-Abierto-EXPERIENCE-CARE-14-SZ-1500px.jpg,2026-09-30T03:29:17Z
856900923,240086647,Lavavajillas 14 Cubiertos Mademsa con Función Higienzar 70° y Panel Digital 14C BZG Blanca,Mademsa,Lavavajillas,SI,https://www.tiendamademsa.cl/lavavajillas-mademsa-14-cubiertos-blanco-14-bzg/p,https://electroluxcl.vteximg.com.br/arquivos/ids/175553-800-800/01.--Lavavajilla-Mademsa-Principal-14C-BZG-1500px.jpg,https://electroluxcl.vteximg.com.br/arquivos/ids/175554-800-800/02.--Lavavajilla-Mademsa-Dimensiones-14C-BZG-1500px.jpg,https://electroluxcl.vteximg.com.br/arquivos/ids/175555-800-800/03.--Lavavajilla-Mademsa-Principal-QR-EE-14C-BZG-1500px.jpg,https://electroluxcl.vteximg.com.br/arquivos/ids/175556-800-800/04.--Lavavajilla-Mademsa-Perspectiva-14C-BZG-1500px.jpg,2026-09-30T03:29:17Z
vigente-240086649,240086649,LAVAVAJILLAS MADEMSA 14C SZG,Mademsa,Lavavajillas,NO,https://www.tiendamademsa.cl/lavavajillas-mademsa-14-cubiertos-gris-14-szg/p,https://electroluxcl.vteximg.com.br/arquivos/ids/175572-800-800/01.--Lavavajilla-Mademsa-Principal-14C-SZG-1500px.jpg,https://electroluxcl.vteximg.com.br/arquivos/ids/175573-800-800/02.--Lavavajilla-Mademsa-Dimensiones-14C-SZG-1500px.jpg,https://electroluxcl.vteximg.com.br/arquivos/ids/175574-800-800/03.--Lavavajilla-Mademsa-Principal-QR-EE-14C-SZG-1500px.jpg,https://electroluxcl.vteximg.com.br/arquivos/ids/175575-800-800/04.--Lavavajilla-Mademsa-Perspectiva-14C-SZG-1500px.jpg,2026-09-30T03:29:17Z
856903108,240092722,Microondas Electrolux 25 Litros Digital Descongelamiento Asistido ME25N Negro,Electrolux,Microondas,SI,https://www.electrolux.cl/horno-microondas-25l-efficient-me25n---electrolux-/p,https://electroluxcl.vteximg.com.br/arquivos/ids/187229-800-800/01.--MWO--Electrolux-Principal-ME25N-1500px.jpg,https://electroluxcl.vteximg.com.br/arquivos/ids/187230-800-800/03.--MWO--Electrolux-Principal-Sellos-ME25N-1500px.jpg,https://electroluxcl.vteximg.com.br/arquivos/ids/187231-800-800/09.--MWO--Electrolux-ambientada-ME25N-1500px.jpg,https://electroluxcl.vteximg.com.br/arquivos/ids/187232-800-800/04.--MWO--Electrolux-Dimensiones-ME25N-1500px.jpg,2026-09-30T03:29:17Z
856900905,240085584,Microondas Mademsa 20 Litros Digital Descongelamiento Inteligente MM20FBH Negro,Mademsa,Microondas,SI,https://www.tiendamademsa.cl/microondas-digital-mm20fbh-20-litros-mademsa/p,https://electroluxcl.vteximg.com.br/arquivos/ids/188797-800-800/01---Microondas-Mademsa-Frontal-MM20FBH-1500px.jpg,https://electroluxcl.vteximg.com.br/arquivos/ids/188798-800-800/04---Microondas-Mademsa-Dimensiones--MM20FBH-1500px.jpg,https://electroluxcl.vteximg.com.br/arquivos/ids/188799-800-800/03---Microondas-Mademsa-Perspectiva--MM20FBH-1500px.jpg,https://electroluxcl.vteximg.com.br/arquivos/ids/188800-800-800/05---Microondas-Mademsa-Abierto-MM20FBH-1500px.jpg,2026-09-30T03:29:17Z
856900906,240085585,Microondas Mademsa 28 Litros Digital Descongelamiento Inteligente MM28FB Negro,Mademsa,Microondas,SI,https://www.tiendamademsa.cl/microondas-digital-mm28fb-28-litros-mademsa/p,https://electroluxcl.vteximg.com.br/arquivos/ids/187185-800-800/01.--Microondas-Mademsa-Frontal-MM28FB-2000px.jpg,https://electroluxcl.vteximg.com.br/arquivos/ids/187186-800-800/04.--Microondas-Mademsa-Dimensiones--MM28FB-2000px.jpg,https://electroluxcl.vteximg.com.br/arquivos/ids/187187-800-800/08.--Microondas-Mademsa-Ambientada-MM28FB-2000px.jpg,https://electroluxcl.vteximg.com.br/arquivos/ids/187188-800-800/03.--Microondas-Mademsa-Perspectiva--MM28FB-2000px.jpg,2026-09-30T03:29:17Z
856900907,240085586,Microondas Mademsa 31 Litros Digital Descongelamiento Inteligente MM31FB Negro,Mademsa,Microondas,SI,https://www.tiendamademsa.cl/microondas-digital-mm31fb-31-litros-mademsa/p,https://electroluxcl.vteximg.com.br/arquivos/ids/187194-800-800/01.--Microondas-Mademsa-Frontal-MM31FB-2000px.jpg,https://electroluxcl.vteximg.com.br/arquivos/ids/187195-800-800/04.--Microondas-Mademsa-Dimensiones--MM31FB-2000px.jpg,https://electroluxcl.vteximg.com.br/arquivos/ids/187196-800-800/08.--Microondas-Mademsa-Ambientada-MM31FB-2000px.jpg,https://electroluxcl.vteximg.com.br/arquivos/ids/187197-800-800/03.--Microondas-Mademsa-Perspectiva--MM31FB-2000px.jpg,2026-09-30T03:29:17Z
vigente-900276675,900276675,MICROONDAS MM20AB,Mademsa,Microondas,NO,https://www.tiendamademsa.cl/microondas-mademsa-20-litros-6-niveles-de-potencia-y-limpia-facil-mm20ab-negro/p,https://electroluxcl.vteximg.com.br/arquivos/ids/199254-800-800/01-Microondas-MM20AB-Mademsa-Principal-1500px.jpg,https://electroluxcl.vteximg.com.br/arquivos/ids/199255-800-800/03-Microondas-MM20AB-Mademsa-Principal-Sellos-1500px.jpg,https://electroluxcl.vteximg.com.br/arquivos/ids/199256-800-800/04-Microondas-MM20AB-Mademsa-Dimensiones-del-producto-1500px.jpg.jpg,https://electroluxcl.vteximg.com.br/arquivos/ids/199257-800-800/07-Microondas-MM20AB-Mademsa-Abierto-contenido-1500px.jpg,2026-09-30T03:29:17Z
856904375,900276850,Minipimer 3 en 1 Electrolux 700W IBP70 Gris,Electrolux,Minipimer,SI,https://www.electrolux.cl/minipimer-3-en-1-electrolux-700w-expert-tecnologia-truflow-ibp70-gris/p,https://electroluxcl.vteximg.com.br/arquivos/ids/198773-800-800/01.--Minipimer-Electrolux-Principal-IBP70-1500px.jpg,https://electroluxcl.vteximg.com.br/arquivos/ids/198774-800-800/04.--Minipimer-Electrolux-Principal-Sellos-IBP70-1500px.jpg,https://electroluxcl.vteximg.com.br/arquivos/ids/198775-800-800/05.--Minipimer-Electrolux-Dimensiones-IBP70-1500px.jpg,https://electroluxcl.vteximg.com.br/arquivos/ids/198776-800-800/06.--Minipimer-Electrolux-Superior-IBP70-1500px.jpg,2026-09-30T03:29:17Z
856902814,955117814,Minipimer 3 en 1 Mademsa con 2 velocidades y Tecnología Súper Textura MIB20 Negro,Mademsa,Minipimer,SI,https://www.tiendamademsa.cl/minipimer-3-en-1-mademsa-con-2-velocidades-450w-y-tecnologia-super-textura---mib20-/p,https://electroluxcl.vteximg.com.br/arquivos/ids/191453-800-800/01.--Licuadora-Manual-Mademsa-Principal-MIB20-2000px.jpg,https://electroluxcl.vteximg.com.br/arquivos/ids/191454-800-800/02.--Licuadora-Manual-Mademsa-Sellos-MIB20-2000px.jpg,https://electroluxcl.vteximg.com.br/arquivos/ids/191455-800-800/04.--Licuadora-Manual-Mademsa-Dimensiones-MIB20-2000px.jpg,https://electroluxcl.vteximg.com.br/arquivos/ids/191456-800-800/03.--Licuadora-Manual-Mademsa-cuerpo-MIB20-2000px.jpg,2026-09-30T03:29:17Z
856905025,900277053,Minipimer 3 en 1 Mademsa Panel Digital 7 Velocidades 400W MIB60 Negro,Mademsa,Minipimer,SI,https://www.tiendamademsa.cl/minipimer-3-en-1-mademsa-con-7-velocidades-y-panel-digital-mib60-negro-1/p,https://electroluxcl.vteximg.com.br/arquivos/ids/198297-800-800/01.--Miniprimer-Mademsa-Principal-MIB60-2000px.jpg,https://electroluxcl.vteximg.com.br/arquivos/ids/198298-800-800/03.--Miniprimer-Mademsa-Principal-Sellos-MIB60-2000px.jpg,https://electroluxcl.vteximg.com.br/arquivos/ids/198299-800-800/04.--Miniprimer-Mademsa-Dimensiones-MIB60-2000px.jpg,https://electroluxcl.vteximg.com.br/arquivos/ids/198300-800-800/05.--Miniprimer-Mademsa-Detalle-MIB60-2000px.jpg,2026-09-30T03:29:17Z
856902811,955117805,Olla Eléctrica Multicocción Mademsa 5L con Temporizador MPC10 Acero Inoxidable,Mademsa,Ollas eléctricas,SI,https://www.tiendamademsa.cl/olla-electrica-multicoccion-mademsa-5l-con-temporizador--mpc10-/p,https://electroluxcl.vteximg.com.br/arquivos/ids/191659-800-800/01.---Olla-Multicoccion-Mademsa-Principal-MPC10-1500px.jpg,https://electroluxcl.vteximg.com.br/arquivos/ids/191660-800-800/03.--Olla-Multicoccion-Mademsa-Sellos-MPC10-1500px.jpg,https://electroluxcl.vteximg.com.br/arquivos/ids/191661-800-800/02.---Olla-Multicoccion-Mademsa-Dimensiones-MPC10-1500px.jpg,https://electroluxcl.vteximg.com.br/arquivos/ids/191662-800-800/05.---Olla-Multicoccion-Mademsa-Perspectiva-MPC10-1500px.jpg,2026-09-30T03:29:17Z
856904374,900276838,Batidora Planetaria Electrolux 5L 6 Velocidades 800W KMP70 Gris,Electrolux,Pequeños electrodomésticos,SI,https://www.electrolux.cl/batidora-planetaria-electrolux-expert-6-velocidades-y-tecnologia-truflow-800w-kmp70-gris/p,https://electroluxcl.vteximg.com.br/arquivos/ids/198753-800-800/06.--Batidora-Planetaria-Electrolux-Lateral-KMP70-1500px.jpg,https://electroluxcl.vteximg.com.br/arquivos/ids/198754-800-800/03.--Batidora-Planetaria-Electrolux-Principal-Sellos-KMP70-1500px.jpg,https://electroluxcl.vteximg.com.br/arquivos/ids/198755-800-800/04.--Batidora-Planetaria-Electrolux-Dimensiones-KMP70-1500px.jpg,https://electroluxcl.vteximg.com.br/arquivos/ids/198756-800-800/05.--Batidora-Planetaria-Electrolux-Frontal-KMP70-1500px.jpg,2026-09-30T03:29:17Z
856903090,955117821,"Cafetera Eléctrica Mademsa 1,5L Proglamable 900W MCM30 Acero Inoxidable",Mademsa,Pequeños electrodomésticos,SI,https://www.tiendamademsa.cl/cafetera-electrica-mademsa-15l-en-acero-inoxidable-y-proglamable-900w--mcm30-/p,https://electroluxcl.vteximg.com.br/arquivos/ids/191361-800-800/01.--Cafetera-Mademsa-Principal-MCM30-1500px.jpg,https://electroluxcl.vteximg.com.br/arquivos/ids/191362-800-800/03.--Cafetera-Mademsa-Principal-Sellos-MCM30-1500px.jpg,https://electroluxcl.vteximg.com.br/arquivos/ids/191363-800-800/04.--Cafetera-Mademsa-Dimensiones-MCM30-1500px.jpg,https://electroluxcl.vteximg.com.br/arquivos/ids/191364-800-800/05.--Cafetera-Mademsa-Perspectiva-MCM30-1500px.jpg,2026-09-30T03:29:17Z
856904371,900276851,Cafetera Espresso Barista Electrolux  3L Molinillo Vaporizador Leche 2200W ECM90 Gris,Electrolux,Pequeños electrodomésticos,SI,https://www.electrolux.cl/cafetera-espresso-electrolux-gris-expert-molinillo-integrado-y-vaporizador-de-leche-ecm90/p,https://electroluxcl.vteximg.com.br/arquivos/ids/198114-800-800/01.--Cafetera-Electrolux-Principal--ECM90-2000px.jpg,https://electroluxcl.vteximg.com.br/arquivos/ids/198115-800-800/03.--Cafetera-Electrolux-Principal-Sellos-ECM90-2000px.jpg,https://electroluxcl.vteximg.com.br/arquivos/ids/198116-800-800/04.--Cafetera-Electrolux-Dimensiones-ECM90-2000px.jpg,https://electroluxcl.vteximg.com.br/arquivos/ids/198117-800-800/05.--Cafetera-Electrolux-Detalle-ECM90-2000px.jpg,2026-09-30T03:29:17Z
856904379,900276842,"Cafetera Programable Electrolux 1,25L Jarra Vidrio 1600W CMP70 Gris",Electrolux,Pequeños electrodomésticos,SI,https://www.electrolux.cl/cafetera-electrica-electrolux-1-25l-expert-jarra-de-vidrio-y-perfectsense-cmp70-gris/p,https://electroluxcl.vteximg.com.br/arquivos/ids/198070-800-800/01.--Cafetera-Electrolux-Principal--CMP70-2000px.jpg,https://electroluxcl.vteximg.com.br/arquivos/ids/198071-800-800/04.--Cafetera-Electrolux-Principal-Sellos-CMP70-2000px.jpg,https://electroluxcl.vteximg.com.br/arquivos/ids/198072-800-800/05.--Cafetera-Electrolux-Dimensiones-CMP70-2000px.jpg,https://electroluxcl.vteximg.com.br/arquivos/ids/198073-800-800/06.--Cafetera-Electrolux-Detalle-1-CMP70-2000px.jpg,2026-09-30T03:29:17Z
856904376,900276847,"Hervidor Eléctrico Electrolux 1,7L Control de Temperatura EKP70 Acero Inoxidable",Electrolux,Pequeños electrodomésticos,SI,https://www.electrolux.cl/hervidor-electrico-electrolux-1-7l-expert-perfectsense-ekp70-gris-1/p,https://electroluxcl.vteximg.com.br/arquivos/ids/198126-800-800/01.--Hervidor-Electrolux-Principal--EKP70-2000px.jpg,https://electroluxcl.vteximg.com.br/arquivos/ids/198127-800-800/03.--Hervidor-Electrolux-Principal-Sellos-EKP70-2000px.jpg,https://electroluxcl.vteximg.com.br/arquivos/ids/198128-800-800/04.--Hervidor-Electrolux-Dimensiones-EKP70-2000px.jpg,https://electroluxcl.vteximg.com.br/arquivos/ids/198129-800-800/05.--Hervidor-Electrolux-Abierto-EKP70-2000px.jpg,2026-09-30T03:29:17Z
856903083,955117817,"Hervidor Eléctrico Mademsa 1,7L con Apagado Automático MEK25 Acero Inoxidable",Mademsa,Pequeños electrodomésticos,SI,https://www.tiendamademsa.cl/hervidor-electrico-mademsa-17l-en-acero-inoxidable-y-apagado-automatico---mek25-/p,https://electroluxcl.vteximg.com.br/arquivos/ids/191402-800-800/01.--Hervidor-Mademsa-Principal-MEK25-1500px.jpg,https://electroluxcl.vteximg.com.br/arquivos/ids/191403-800-800/03.--Hervidor-Mademsa-Principal-Sellos-MEK25-1500px.jpg,https://electroluxcl.vteximg.com.br/arquivos/ids/191404-800-800/04.--Hervidor-Mademsa-Dimensiones-MEK25-1500px.jpg,https://electroluxcl.vteximg.com.br/arquivos/ids/191405-800-800/05.--Hervidor-Mademsa-Perspectiva-MEK25-1500px.jpg,2026-09-30T03:29:17Z
856905024,900277051,"Hervidor Eléctrico Mademsa 1,7L Panel Digital MEK60 Negro",Mademsa,Pequeños electrodomésticos,SI,https://www.tiendamademsa.cl/hervidor-electrico-mademsa-1-7l-con-regulador-de-temperatura-y-panel-digital-mek60-negro/p,https://electroluxcl.vteximg.com.br/arquivos/ids/198413-800-800/01.--Hervidor-Mademsa-Principal-MEK60-2000px.jpg,https://electroluxcl.vteximg.com.br/arquivos/ids/198414-800-800/03.--Hervidor-Mademsa-Principal-Sellos-MEK60-2000px.jpg,https://electroluxcl.vteximg.com.br/arquivos/ids/198415-800-800/04.--Hervidor-Mademsa-Dimensiones-MEK60-2000px.jpg,https://electroluxcl.vteximg.com.br/arquivos/ids/198416-800-800/06.--Hervidor-Mademsa-Detalle-Panel-MEK60-2000px.jpg,2026-09-30T03:29:17Z
856902813,955117810,"Hervidor Eléctrico Mademsa 1,8L con Apagado Automático MEK10 Acero Inoxidable",Mademsa,Pequeños electrodomésticos,NO,https://www.tiendamademsa.cl/hervidor-electrico-mademsa-18l-en-acero-inoxidable-y-apagado-automatico---mek10-/p,https://electroluxcl.vteximg.com.br/arquivos/ids/191413-800-800/01.---Hervidor-Mademsa-Principal-MEK10-1500px.jpg,https://electroluxcl.vteximg.com.br/arquivos/ids/191414-800-800/03.--Hervidor-Mademsa-Sellos-MEK10-1500px.jpg,https://electroluxcl.vteximg.com.br/arquivos/ids/191415-800-800/02.---Hervidor-Mademsa-Dimensiones-MEK10-1500px.jpg,https://electroluxcl.vteximg.com.br/arquivos/ids/191416-800-800/05.---Hervidor-Mademsa-Perspectiva-MEK10-1500px.jpg,2026-09-30T03:29:17Z
856904378,900276849,"Licuadora Electrolux 1,75L con Jarra de Vidrio y 6 Cuchillos 1000W BLP70 Gris",Electrolux,Pequeños electrodomésticos,SI,https://www.electrolux.cl/licuadora-electrolux-1-75l-expert-jarra-de-vidrio-y-tecnologia-truflow-1000w-blp70-gris/p,https://electroluxcl.vteximg.com.br/arquivos/ids/198763-800-800/01.--Licuadora-Electrolux-Principal-BLP70-1500px.jpg,https://electroluxcl.vteximg.com.br/arquivos/ids/198764-800-800/03.--Licuadora-Electrolux-Principal-Sellos-BLP70-1500px.jpg,https://electroluxcl.vteximg.com.br/arquivos/ids/198765-800-800/04.--Licuadora-Electrolux-Dimensiones-BLP70-1500px.jpg,https://electroluxcl.vteximg.com.br/arquivos/ids/198766-800-800/05.--Licuadora-Electrolux-Superior-BLP70-1500px.jpg,2026-09-30T03:29:17Z
856903082,955117806,"Licuadora Mademsa 1,5L con Jarra de Vidrio y 2 velocidades 400W MBL20 Negra",Mademsa,Pequeños electrodomésticos,SI,https://www.tiendamademsa.cl/licuadora-mademsa-15l-con-jarra-de-vidrio-400w-y-2-velocidades--mbl20-/p,https://electroluxcl.vteximg.com.br/arquivos/ids/191462-800-800/01.--Licuadora-Mademsa-Principal-MBL20-2000px.jpg,https://electroluxcl.vteximg.com.br/arquivos/ids/191463-800-800/02.--Licuadora-Mademsa-Principal-Sellos-MBL20-2000px.jpg,https://electroluxcl.vteximg.com.br/arquivos/ids/191464-800-800/04.--Licuadora-Mademsa-Dimensiones-MBL20-2000px.jpg,https://electroluxcl.vteximg.com.br/arquivos/ids/191465-800-800/03.--Licuadora-Mademsa-Perspectiva-MBL20-2000px.jpg,2026-09-30T03:29:17Z
856903103,955117809,"Licuadora Mademsa 1,5L con Jarra de Vidrio y 5 velocidades 500W MBL50 Acero Inoxidable",Mademsa,Pequeños electrodomésticos,SI,https://www.tiendamademsa.cl/licuadora--500w-mbl50---mademsa-/p,https://electroluxcl.vteximg.com.br/arquivos/ids/183396-800-800/01.--Licuadora-Mademsa-Principal-MBL50-1500px.jpg,https://electroluxcl.vteximg.com.br/arquivos/ids/183397-800-800/02.--Licuadora-Mademsa-Principal-Sellos-MBL50-2000px.jpg,https://electroluxcl.vteximg.com.br/arquivos/ids/183398-800-800/04.--Licuadora-Mademsa-Dimensiones-MBL50-1500px.jpg,https://electroluxcl.vteximg.com.br/arquivos/ids/183399-800-800/06.--Licuadora-Mademsa-Superior-MBL50-1500px.jpg,2026-09-30T03:29:17Z
856903084,955117808,"Licuadora Mademsa 1,5L con Jarra de Vidrio y 6 velocidades 400W MBL40 Negra",Mademsa,Pequeños electrodomésticos,SI,https://www.tiendamademsa.cl/licuadora-mademsa-15l-con-jarra-de-vidrio-400w-y-6-velocidades--mbl40-/p,https://electroluxcl.vteximg.com.br/arquivos/ids/191444-800-800/01.--Licuadora-Mademsa-Principal-MBL40-2000px.jpg,https://electroluxcl.vteximg.com.br/arquivos/ids/191445-800-800/02.--Licuadora-Mademsa-Principal-Sellos-MBL40-2000px.jpg,https://electroluxcl.vteximg.com.br/arquivos/ids/191446-800-800/04.--Licuadora-Mademsa-Dimensiones-MBL40-2000px.jpg,https://electroluxcl.vteximg.com.br/arquivos/ids/191447-800-800/03.--Licuadora-Mademsa-Perspectiva-MBL40-2000px.jpg,2026-09-30T03:29:17Z
856902812,955117807,Licuadora Portátil Mademsa con 2 velocidades y botellas 300W MBL30 Acero Inoxidable,Mademsa,Pequeños electrodomésticos,SI,https://www.tiendamademsa.cl/licuadora-portatil-mademsa-con-2-velocidades-300w---mbl30-/p,https://electroluxcl.vteximg.com.br/arquivos/ids/191434-800-800/01.--Licuadora-Mademsa-Principal-MBL30-2000px.jpg,https://electroluxcl.vteximg.com.br/arquivos/ids/191435-800-800/02.--Licuadora-Mademsa-Sellos-MBL30-2000px.jpg,https://electroluxcl.vteximg.com.br/arquivos/ids/191436-800-800/04.--Licuadora-Mademsa-Dimensiones-MBL30-2000px.jpg,https://electroluxcl.vteximg.com.br/arquivos/ids/191437-800-800/03.--Licuadora-Mademsa-Perspectiva-MBL30-2000px.jpg,2026-09-30T03:29:17Z
856903104,955117835,Plancha a Vapor Mademsa con Base Antiadherente y Vapor Vertical MIR10 Blanca,Mademsa,Pequeños electrodomésticos,SI,https://www.tiendamademsa.cl/plancha-a-vapor-mademsa-con-base-antiadherente-con-vapor-vertical--mir10--/p,https://electroluxcl.vteximg.com.br/arquivos/ids/191578-800-800/01.--Plancha-Mademsa-Principal-MIR10-1500px.jpg,https://electroluxcl.vteximg.com.br/arquivos/ids/191579-800-800/03.--Plancha-Mademsa-Principal-Sellos-MIR10-1500px.jpg,https://electroluxcl.vteximg.com.br/arquivos/ids/191580-800-800/04.--Plancha-Mademsa-Dimensiones-MIR10-1500px.jpg,https://electroluxcl.vteximg.com.br/arquivos/ids/191581-800-800/05.--Plancha-Mademsa-Perspectiva-MIR10-1500px.jpg,2026-09-30T03:29:17Z
856903106,955117837,Plancha a Vapor Mademsa con Base de Cerámica  y Sistema Antisarro MIR30 Gris,Mademsa,Pequeños electrodomésticos,SI,https://www.tiendamademsa.cl/plancha-a-vapor-mademsa-con-base-de-ceramica-vapor-vertical-y-sistema-antisarro--mir30--/p,https://electroluxcl.vteximg.com.br/arquivos/ids/191597-800-800/01.--Plancha-Mademsa-Principal-MIR30-1500px.jpg,https://electroluxcl.vteximg.com.br/arquivos/ids/191598-800-800/03.--Plancha-Mademsa-Principal-Sellos-MIR30-1500px.jpg,https://electroluxcl.vteximg.com.br/arquivos/ids/191599-800-800/04.--Plancha-Mademsa-Dimensiones-MIR30-1500px.jpg,https://electroluxcl.vteximg.com.br/arquivos/ids/191600-800-800/05.--Plancha-Mademsa-Perspectiva-MIR30-1500px.jpg,2026-09-30T03:29:17Z
856903107,955117838,Plancha a Vapor Mademsa con Base de Cerámica y Apagado Automático MIR40 Gris,Mademsa,Pequeños electrodomésticos,SI,https://www.tiendamademsa.cl/plancha-a-vapor-mademsa-con-base-de-ceramica-vapor-vertical-y-apagado-automatico--mir40--/p,https://electroluxcl.vteximg.com.br/arquivos/ids/191607-800-800/01.--Plancha-Mademsa-Principal-MIR40-1500px.jpg,https://electroluxcl.vteximg.com.br/arquivos/ids/191608-800-800/03.--Plancha-Mademsa-Principal-Sellos-MIR40-1500px.jpg,https://electroluxcl.vteximg.com.br/arquivos/ids/191609-800-800/04.--Plancha-Mademsa-Dimensiones-MIR40-1500px.jpg,https://electroluxcl.vteximg.com.br/arquivos/ids/191610-800-800/05.--Plancha-Mademsa-Perspectiva-MIR40-1500px.jpg,2026-09-30T03:29:17Z
856903105,955117836,Plancha a Vapor Mademsa con Base de Cerámica y Vapor Vertical MIR20 Gris,Mademsa,Pequeños electrodomésticos,SI,https://www.tiendamademsa.cl/plancha-a-vapor-mademsa-con-base-de-ceramica-con-vapor-vertical--mir20--/p,https://electroluxcl.vteximg.com.br/arquivos/ids/191587-800-800/01.--Plancha-Mademsa-Principal-MIR20-1500px.jpg,https://electroluxcl.vteximg.com.br/arquivos/ids/191588-800-800/03.--Plancha-Mademsa-Principal-Sellos-MIR20-2000px.jpg,https://electroluxcl.vteximg.com.br/arquivos/ids/191589-800-800/04.--Plancha-Mademsa-Dimensiones-MIR20-1500px.jpg,https://electroluxcl.vteximg.com.br/arquivos/ids/191590-800-800/05.--Plancha-Mademsa-Perspectiva-MIR20-1500px.jpg,2026-09-30T03:29:17Z
856904381,900276840,"Plancha a Vapor Vertical Electrolux 2,5L 1800W con Tabla de Planchar EGS20 Azul",Electrolux,Pequeños electrodomésticos,NO,https://www.electrolux.cl/plancha-a-vapor-vertical-electrolux-portatil-expert-con-tabla-de-planchar-ajustable-egs20-azul-/p,https://electroluxcl.vteximg.com.br/arquivos/ids/198139-800-800/01.--Steamer-Electrolux-Principal-1-EGS20-2000px.jpg,https://electroluxcl.vteximg.com.br/arquivos/ids/198140-800-800/04.--Steamer-Electrolux-Principal-Sellos-EGS20-2000px.jpg,https://electroluxcl.vteximg.com.br/arquivos/ids/198141-800-800/05.--Steamer-Electrolux-Dimensiones-EGS20-2000px.jpg,https://electroluxcl.vteximg.com.br/arquivos/ids/198142-800-800/06.--Steamer-Electrolux-Detalle-1-EGS20-2000px.jpg,2026-09-30T03:29:17Z
856904380,900276839,Plancha a Vapor Vertical Electrolux 260ml 1350W EPS10 Azul,Electrolux,Pequeños electrodomésticos,SI,https://www.electrolux.cl/vaporizador-de-ropa-portatil-electrolux-efficient-care-eps10/p,https://electroluxcl.vteximg.com.br/arquivos/ids/198021-800-800/01.--Steamer-Electrolux-Principal-1-EPS10-2000px.jpg,https://electroluxcl.vteximg.com.br/arquivos/ids/198022-800-800/03.--Steamer-Electrolux-Principal-Sellos-EPS10-2000px.jpg,https://electroluxcl.vteximg.com.br/arquivos/ids/198023-800-800/04.--Steamer-Electrolux-Dimensiones-EPS10-2000px.jpg,https://electroluxcl.vteximg.com.br/arquivos/ids/198024-800-800/08.--Steamer-Electrolux-Detalle-1-EPS10-2000px.jpg,2026-09-30T03:29:17Z
76040000,240077604,Plancha Churrasquera Fensa Antiadherente LS46 Negra,Fensa,Pequeños electrodomésticos,SI,,https://electroluxcl.vteximg.com.br/arquivos/ids/171295-800-800/240077604-Churrasquera-LS46-Frontal-1500-principal.jpg,,,,2026-09-30T03:29:17Z
856903217,955117829,Procesador de Alimentos Mademsa Multifuncional 3 en 1 300W MFP500 Negro,Mademsa,Procesador,SI,https://www.tiendamademsa.cl/procesador-de-alimentos-mademsa-multifuncional-3-en-1-300w-mfp500-negro/p,https://electroluxcl.vteximg.com.br/arquivos/ids/191628-800-800/01---Procesador-de-alimentos-Mademsa-Principal-MFP500-2000px.jpg,https://electroluxcl.vteximg.com.br/arquivos/ids/191629-800-800/03---Procesador-de-alimentos-Mademsa-Sellos-MFP500-2000px.jpg,https://electroluxcl.vteximg.com.br/arquivos/ids/191630-800-800/02---Procesador-de-alimentos-Mademsa-Dimensiones-MFP500-2000px.jpg,https://electroluxcl.vteximg.com.br/arquivos/ids/191631-800-800/05---Procesador-de-alimentos-Mademsa-Superior-MFP500-2000px.jpg,2026-09-30T03:29:17Z
856901919,240087926,Purificador de Aire Electrolux  5 Pasos Filtrado y Ultra silencioso Well A7,Electrolux,Purificador de Aire,SI,https://www.electrolux.cl/240087926-air-purifier-well-a7-304gy/p,https://electroluxcl.vteximg.com.br/arquivos/ids/198881-800-800/01.--Purificador-de-aire-Electrolux-Frontal-Well-A7-1500px.jpg,https://electroluxcl.vteximg.com.br/arquivos/ids/198882-800-800/02.--Purificador-de-aire-Electrolux-Principal-Sellos-Well-A7-1500px.jpg,https://electroluxcl.vteximg.com.br/arquivos/ids/198883-800-800/04.--Purificador-de-aire-Electrolux-Medidas-Well-A7-1500px.jpg,https://electroluxcl.vteximg.com.br/arquivos/ids/198884-800-800/08.--Purificador-de-aire-Electrolux-Accesorios-Well-A7-1500px.jpg,2026-09-30T03:29:17Z
856903424,946521891,Enfriador de Aire de Torre Mademsa 45W Control Remoto y Silencioso TFM10 Gris,Mademsa,Refrigeración,SI,https://www.tiendamademsa.cl/enfriador-de-aire-con-control-remoto-tfm10---mademsa-/p,https://electroluxcl.vteximg.com.br/arquivos/ids/191527-800-800/01---Enfriador-de-aire-Mademsa-Principal-TFM10-2000px.jpg,https://electroluxcl.vteximg.com.br/arquivos/ids/191528-800-800/03---Enfriador-de-aire-Mademsa-Sellos-TFM10-2000px.jpg,https://electroluxcl.vteximg.com.br/arquivos/ids/191529-800-800/02---Enfriador-de-aire-Mademsa-Dimensiones-1-TFM10-2000px.jpg,https://electroluxcl.vteximg.com.br/arquivos/ids/191530-800-800/06---Enfriador-de-aire-Mademsa-Posterior-detalle-1-TFM10-2000px.jpg,2026-09-30T03:29:17Z
856903745,240095669,Frigobar Mademsa 120L Frío Directo con Llave y Luz interior LED MMB120B Negro,Mademsa,Refrigeración,SI,https://www.tiendamademsa.cl/frigobar-mademsa-120l-inverter-compacto-con-control-de-temperatura-preciso-mmb120b-negro/p,https://electroluxcl.vteximg.com.br/arquivos/ids/191230-800-800/01.--Refrigerador-Minibar-Mademsa-MMB120B-Electrolux-Principal---1500px.jpg,https://electroluxcl.vteximg.com.br/arquivos/ids/191232-800-800/04.--Refrigerador-Minibar-Mademsa-MMB120B-Electrolux-Dimensiones--2000px.jpg,https://electroluxcl.vteximg.com.br/arquivos/ids/191233-800-800/05.--Refrigerador-Minibar-Mademsa-MMB120B-Electrolux-Perspectiva--2000px.jpg,https://electroluxcl.vteximg.com.br/arquivos/ids/191234-800-800/06.--Refrigerador-Minibar-Mademsa-MMB120B-Electrolux-Abierto--2000px.jpg,2026-09-30T03:29:17Z
856903746,240095659,Frigobar Mademsa 90L  Frío Directo con Llave y Luz interior LED MMB90S Silver,Electrolux,Refrigeración,SI,https://www.tiendamademsa.cl/frigobar-mademsa-90l-inverter-compacto-con-control-de-temperatura-preciso-mmb90s-gris/p,https://electroluxcl.vteximg.com.br/arquivos/ids/191243-800-800/01.--Refrigerador-Minibar-Mademsa-MMB90S-Electrolux-Principal---2000px.jpg,https://electroluxcl.vteximg.com.br/arquivos/ids/191245-800-800/04.--Refrigerador-Minibar-Mademsa-MMB90S-Electrolux-Dimensiones--2000px.jpg,https://electroluxcl.vteximg.com.br/arquivos/ids/191247-800-800/06.--Refrigerador-Minibar-Mademsa-MMB90S-Electrolux-Abierto--2000px.jpg,https://electroluxcl.vteximg.com.br/arquivos/ids/191248-800-800/07.--Refrigerador-Minibar-Mademsa-MMB90S-Electrolux-Abierto-Contenido--2000px.jpg,2026-09-30T03:29:17Z
vigente-900277019,900277019,REFRIGERADOR ALTUS 1300IS,Mademsa,Refrigeración,NO,https://www.tiendamademsa.cl/refrigerador-mademsa-292l-no-frost-top-freezer-inverter-altus-a1300is-silver/p,https://electroluxcl.vteximg.com.br/arquivos/ids/199050-800-800/01.--Refrigerador-Mademsa-Principal--A1300IS-1500px.jpg,https://electroluxcl.vteximg.com.br/arquivos/ids/199051-800-800/03.--Refrigerador-Mademsa-Principal-Sellos-A1300IS-1500px.jpg,https://electroluxcl.vteximg.com.br/arquivos/ids/199052-800-800/04.--Refrigerador-Mademsa-Dimensiones-A1300IS-1500px.jpg,https://electroluxcl.vteximg.com.br/arquivos/ids/199053-800-800/05.--Refrigerador-Mademsa-Abierto-A1300IS-1500px.jpg,2026-09-30T03:29:17Z
vigente-240091800,240091800,REFRIGERADOR DQ79SU,Fensa,Refrigeración,NO,https://www.fensa.cl/refrigerador-fensa-frost-free-401l-efficient-con-autosense-multidoor--dq79su-/p,https://electroluxcl.vteximg.com.br/arquivos/ids/187494-800-800/01.--Refrigerador-Multidoor-Fensa-Principal-DQ79SU-1500px.jpg,,,,2026-09-30T03:29:17Z
856903276,240094326,Refrigerador Electrolux 323L No Frost Bottom Freezer Efficient AutoSense DB60GE Negro Glass,Electrolux,Refrigeración,NO,https://www.electrolux.cl/refrigerador-electrolux-bottom-freezer-323l-efficient-con-tecnologia-autosense-color-black-glass/p,https://electroluxcl.vteximg.com.br/arquivos/ids/192180-800-800/01---Refrigerador-Electrolux-Principal--DB60GE-2000px.jpg,https://electroluxcl.vteximg.com.br/arquivos/ids/192181-800-800/03--RE~1.jpg,https://electroluxcl.vteximg.com.br/arquivos/ids/192182-800-800/04--RE~1.jpg,https://electroluxcl.vteximg.com.br/arquivos/ids/192183-800-800/05--RE~1.jpg,2026-09-30T03:29:17Z
856904148,240096571,Refrigerador Electrolux 420L No Frost Multidoor Inverter AutoSense DQ79SU Inox,Electrolux,Refrigeración,SI,https://www.electrolux.cl/refrigerador-electrolux-420l-no-frost-4-puertas-inverter-con-autosense-dq79su-inox-dq79su/p,https://electroluxcl.vteximg.com.br/arquivos/ids/195444-800-800/01.--Refrigerador-Multidoor-Electrolux-Principal--DQ79SU-2000px.jpg,https://electroluxcl.vteximg.com.br/arquivos/ids/195445-800-800/03.--Refrigerador-Multidoor-Electrolux-Principal-Sellos-DQ79SU-2000px.jpg,https://electroluxcl.vteximg.com.br/arquivos/ids/195446-800-800/04.--Refrigerador-Multidoor-Electrolux-Dimensiones-DQ79SU-2000px.jpg,https://electroluxcl.vteximg.com.br/arquivos/ids/195447-800-800/10.--Refrigerador-Multidoor-Electrolux-Ambientada-DQ79SU-2000px.jpg,2026-09-30T03:29:17Z
856903750,240095687,Refrigerador Electrolux 436L No Frost Side by Side Inverter AutoSense ES40WB Negro,Electrolux,Refrigeración,SI,https://www.electrolux.cl/refrigerador-electrolux-436l-no-frost-side-by-side-inverter-autosense-es40wb-negro/p,https://electroluxcl.vteximg.com.br/arquivos/ids/190588-800-800/01.--Refrigerador-Electrolux-Principal--ES40WB-2000px.jpg,https://electroluxcl.vteximg.com.br/arquivos/ids/190589-800-800/03.--Refrigerador-Electrolux-Principal-Sellos-ES40WB-2000px.jpg,https://electroluxcl.vteximg.com.br/arquivos/ids/190590-800-800/04.--Refrigerador-Electrolux-Dimensiones-ES40WB-2000px.jpg,https://electroluxcl.vteximg.com.br/arquivos/ids/190591-800-800/05.--Refrigerador-Electrolux-Abierto-ES40WB-2000px.jpg,2026-09-30T03:29:17Z
856903752,240095689,Refrigerador Electrolux 440L No Frost Side by Side Inverter AutoSense ES40S Inox,Electrolux,Refrigeración,SI,https://www.electrolux.cl/refrigerador-electrolux-440l-no-frost-side-by-side-inverter-autosense-inox--es40s-/p,https://electroluxcl.vteximg.com.br/arquivos/ids/190602-800-800/01.--Refrigerador-Electrolux-Principal--ES40S-2000px.jpg,https://electroluxcl.vteximg.com.br/arquivos/ids/190603-800-800/03.--Refrigerador-Electrolux-Principal-Sellos-ES40S-2000px.jpg,https://electroluxcl.vteximg.com.br/arquivos/ids/190604-800-800/04.--Refrigerador-Electrolux-Dimensiones-ES40S.jpg,https://electroluxcl.vteximg.com.br/arquivos/ids/190605-800-800/05.--Refrigerador-Electrolux-Abierto-ES40S-2000px.jpg,2026-09-30T03:29:17Z
856903563,240095128,Refrigerador Electrolux 481L No Frost Side by Side Inverter AutoSense Dispensador Agua y Hielo ES4WS Inox,Electrolux,Refrigeración,SI,https://www.electrolux.cl/refrigerador-electrolux-481l-no-frost-side-by-side-inverter-autosense-dispensador-agua-y-hielo-es4ws-inox/p,https://electroluxcl.vteximg.com.br/arquivos/ids/194072-800-800/01.--Refrigerador-Side-by-Side-Electrolux-Principal--ES4WS-2000px.jpg,https://electroluxcl.vteximg.com.br/arquivos/ids/194073-800-800/03.--Refrigerador-Side-by-Side-Electrolux-Principal-Sellos-ES4WS-2000px.jpg,https://electroluxcl.vteximg.com.br/arquivos/ids/194074-800-800/04.--Refrigerador-Side-by-Side-Electrolux-Dimensiones-ES4WS-2000px.jpg,https://electroluxcl.vteximg.com.br/arquivos/ids/194075-800-800/14.--Refrigerador-Side-by-Side-Electrolux-Ambientada-2-ES4WS-2000px.jpg,2026-09-30T03:29:17Z
856904097,240093525,Refrigerador Electrolux 525L No Frost Side by Side Inverter Efficient AutoSense ES5GB Vidrio Negro,Electrolux,Refrigeración,SI,https://www.electrolux.cl/refrigerador-side-by-side-525-l/p,https://electroluxcl.vteximg.com.br/arquivos/ids/189398-800-800/01--RE~1.jpg,https://electroluxcl.vteximg.com.br/arquivos/ids/189399-800-800/02--RE~1.jpg,https://electroluxcl.vteximg.com.br/arquivos/ids/189400-800-800/04--RE~1.jpg,https://electroluxcl.vteximg.com.br/arquivos/ids/189401-800-800/06--RE~1.jpg,2026-09-30T03:29:17Z
856903753,240095690,Refrigerador Electrolux 526L No Frost Side by Side Inverter AutoSense ES50WB Negro,Electrolux,Refrigeración,SI,https://www.electrolux.cl/refrigerador-electrolux-526l-no-frost-side-by-side-inverter-autosense-es50wb-negro/p,https://electroluxcl.vteximg.com.br/arquivos/ids/189373-800-800/01.--Refrigerador-Electrolux-Principal--ES50WB-2000px.jpg,https://electroluxcl.vteximg.com.br/arquivos/ids/189374-800-800/03.--Refrigerador-Electrolux-Principal-Sellos-ES50WB-2000px.jpg,https://electroluxcl.vteximg.com.br/arquivos/ids/189375-800-800/04.--Refrigerador-Electrolux-Dimensiones-ES50WB-2000px.jpg,https://electroluxcl.vteximg.com.br/arquivos/ids/189376-800-800/05.--Refrigerador-Electrolux-Abierto-ES50WB-2000px.jpg,2026-09-30T03:29:17Z
856903749,240095686,Refrigerador Electrolux 530L No Frost Side by Side Inverter AutoSense ES50B Negro,Electrolux,Refrigeración,SI,https://www.electrolux.cl/refrigerador-electrolux-530l-no-frost-side-by-side-inverter-autosense-es50b-negro/p,https://electroluxcl.vteximg.com.br/arquivos/ids/190873-800-800/01.--Refrigerador-Electrolux-Principal--ES50B-2000px.jpg,https://electroluxcl.vteximg.com.br/arquivos/ids/190874-800-800/03.--Refrigerador-Electrolux-Principal-Sellos-ES50B-2000px.jpg,https://electroluxcl.vteximg.com.br/arquivos/ids/190875-800-800/04.--Refrigerador-Electrolux-Dimensiones-ES50B-2000px.jpg,https://electroluxcl.vteximg.com.br/arquivos/ids/190876-800-800/05.--Refrigerador-Electrolux-Abierto-ES50B_2000.jpg,2026-09-30T03:29:17Z
856903751,240095688,Refrigerador Electrolux 530L No Frost Side by Side Inverter AutoSense ES50S Inox,Electrolux,Refrigeración,SI,https://www.electrolux.cl/refrigerador-electrolux-530l-no-frost-side-by-side-inverter-autosense-es50s-inox/p,https://electroluxcl.vteximg.com.br/arquivos/ids/190860-800-800/01.--Refrigerador-Electrolux-Principal--ES50S-2000px.jpg,https://electroluxcl.vteximg.com.br/arquivos/ids/190861-800-800/03.--Refrigerador-Electrolux-Principal-Sellos-ES50S-2000px.jpg,https://electroluxcl.vteximg.com.br/arquivos/ids/190862-800-800/04.--Refrigerador-Electrolux-Dimensiones-ES50S-2000px.jpg,https://electroluxcl.vteximg.com.br/arquivos/ids/190863-800-800/11.--Refrigerador-Electrolux-Ambientada-1-ES50S-2000px.jpg,2026-09-30T03:29:17Z
856903219,240094217,Refrigerador Electrolux 590L No Frost 3 Puertas Inverter AutoSense LessWaste IM8B Negro,Electrolux,Refrigeración,SI,https://www.electrolux.cl/refrigerador-electrolux-590-l-no-frost-3-puertas-inverter-autosense-lesswaste-im8b-negro/p,https://electroluxcl.vteximg.com.br/arquivos/ids/187609-800-800/01.--Refrigerador-Electrolux-Principal--IM8B-1500px.jpg,https://electroluxcl.vteximg.com.br/arquivos/ids/187610-800-800/03.--Refrigerador-Electrolux-Principal-Sellos-IM8B-1500px.jpg,https://electroluxcl.vteximg.com.br/arquivos/ids/187611-800-800/04.--Refrigerador-Electrolux-Dimensiones-IM8B-1500px.jpg,https://electroluxcl.vteximg.com.br/arquivos/ids/187612-800-800/13.--Refrigerador-Electrolux-Ambientada-1-IM8B-1500px.jpg,2026-09-30T03:29:17Z
856904297,240093524,Refrigerador Electrolux 624L No Frost Side by Side Inverter Efficient AutoSense ES60S Inox,Electrolux,Refrigeración,SI,https://www.electrolux.cl/refrigerador-electrolux-531l-no-frost-side-by-side-inverter-efficient-autosense-es60s-inox/p,https://electroluxcl.vteximg.com.br/arquivos/ids/190018-800-800/01.--Refrigerador-Electrolux-Principal--ES60S-2000px.jpg,https://electroluxcl.vteximg.com.br/arquivos/ids/190019-800-800/03.--Refrigerador-Electrolux-Principal-Sellos-ES60S-2000px.jpg,https://electroluxcl.vteximg.com.br/arquivos/ids/190020-800-800/04.--Refrigerador-Electrolux-Dimensiones-ES60S-2000px.jpg,https://electroluxcl.vteximg.com.br/arquivos/ids/190021-800-800/05.--Refrigerador-Electrolux-Abierto-ES60S-2000px.jpg,2026-09-30T03:29:17Z
856900683,240082465,Refrigerador Fensa 320L No Frost 3 Puertas Inverter Cajón SuperFresh DM64S Inox,Fensa,Refrigeración,SI,https://www.fensa.cl/refrigerador-dm64s/p,https://electroluxcl.vteximg.com.br/arquivos/ids/192500-800-800/01---Refrigerador-DM64S-Fensa-Frontal-1500px.jpg,https://electroluxcl.vteximg.com.br/arquivos/ids/192501-800-800/Refrigerador-Fensa-DM64S-SELLOS-2000px.jpg,https://electroluxcl.vteximg.com.br/arquivos/ids/192502-800-800/12---Refrigerador-DM64S-Fensa-Ambientada2-1500px.jpg,https://electroluxcl.vteximg.com.br/arquivos/ids/192503-800-800/06---Refrigerador-DM64S-Fensa-Abierto-1500px.jpg,2026-09-30T03:29:17Z
856900690,240083911,Refrigerador Fensa 323L No Frost Bottom Freezer con Puerta Reversible DB60S Inox,Fensa,Refrigeración,SI,https://www.fensa.cl/refrigerador-fensa-bottom-freezer-db60s/p,https://electroluxcl.vteximg.com.br/arquivos/ids/192047-800-800/01.-Refrigerador-DB60S-Fensa-Frontal-1500px.jpg,https://electroluxcl.vteximg.com.br/arquivos/ids/192048-800-800/Refrigerador-Fensa-Sellos-DB60S-2000px.jpg,https://electroluxcl.vteximg.com.br/arquivos/ids/192049-800-800/4.--Refrigerador-Fensa-DB60S-Perspectiva-Dimensiones-2000px.jpg,https://electroluxcl.vteximg.com.br/arquivos/ids/192050-800-800/09.--Refrigerador-Fensa-DB60S-Ambientada-1500px.jpg,2026-09-30T03:29:17Z
856901908,240087724,Refrigerador Fensa 436L No Frost Side By Side Inverter con AutoSense SFX440 Inox,Fensa,Refrigeración,SI,https://www.fensa.cl/refrigerador-fensa-side-by-side-efficient-con-tecnologia-autosense-436l-sfx440/p,https://electroluxcl.vteximg.com.br/arquivos/ids/192060-800-800/01.--Refrigerador-Fensa-Frontal-SFX440-1500px.jpg,https://electroluxcl.vteximg.com.br/arquivos/ids/192061-800-800/02--RE~1.jpg,https://electroluxcl.vteximg.com.br/arquivos/ids/192062-800-800/04--RE~1.jpg,https://electroluxcl.vteximg.com.br/arquivos/ids/192063-800-800/05--RE~1.jpg,2026-09-30T03:29:17Z
856901909,240087725,Refrigerador Fensa 529L No Frost Side By Side Inverter con AutoSense SFX530 Inox,Fensa,Refrigeración,SI,https://www.fensa.cl/refrigerador-fensa-529l-no-frost-side-by-side-inverter-con-autosense-sfx530-inox/p,https://electroluxcl.vteximg.com.br/arquivos/ids/192206-800-800/01.--Refrigerador-Fensa-Frontal-SFX530-2000px.jpg,https://electroluxcl.vteximg.com.br/arquivos/ids/192207-800-800/02--RE~1.jpg,https://electroluxcl.vteximg.com.br/arquivos/ids/192208-800-800/04--RE~1.jpg,https://electroluxcl.vteximg.com.br/arquivos/ids/192209-800-800/05.--Refrigerador-Fensa-perspectiva-SFX530-2000px.jpg,2026-09-30T03:29:17Z
856901910,240087726,Refrigerador Fensa 529L No Frost Side By Side Inverter Dispensador de Agua SFX530B Negro,Fensa,Refrigeración,SI,https://www.fensa.cl/refrigerador-fensa-side-by-side-efficient-con-tecnologia-autosense-529l-sfx530b/p,https://electroluxcl.vteximg.com.br/arquivos/ids/192228-800-800/01.--Refrigerador-Fensa-Frontal-SFX530B-1500px.jpg,https://electroluxcl.vteximg.com.br/arquivos/ids/192229-800-800/02--RE~1.jpg,https://electroluxcl.vteximg.com.br/arquivos/ids/192230-800-800/04--RE~1.jpg,https://electroluxcl.vteximg.com.br/arquivos/ids/192231-800-800/03.--Refrigerador-Fensa-perspectiva-SFX530B-1500px.jpg,2026-09-30T03:29:17Z
856900877,240086814,Refrigerador Mademsa 173L Frío Directo Bottom Freezer Puerta Reversible MED165B Negro,Mademsa,Refrigeración,SI,https://www.tiendamademsa.cl/refrigerador-mademsa-173l-frio-directo-bottom-freezer-negro-puerta-reversible---med165b-/p,https://electroluxcl.vteximg.com.br/arquivos/ids/191930-800-800/1.-Refrigerador-Mademsa-MED165B--frontal-2000x.jpg,https://electroluxcl.vteximg.com.br/arquivos/ids/191931-800-800/03.--Refrigerador-Mademsa-Principal-Sellos-MED165B--2000px.jpg,https://electroluxcl.vteximg.com.br/arquivos/ids/191933-800-800/6.-Refrigerador-Mademsa-silueta-MED165B-dimensiones--2000px.jpg,https://electroluxcl.vteximg.com.br/arquivos/ids/191934-800-800/3.-Refrigerador-Mademsa-MED165B-perspectiva-1500x.jpg,2026-09-30T03:29:17Z
856904418,900277015,Refrigerador Mademsa 190L No Frost Top Freezer Inverter Altus 1200IS Silver,Mademsa,Refrigeración,SI,https://www.tiendamademsa.cl/900277015-refrigerador-altus-1200is/p,https://electroluxcl.vteximg.com.br/arquivos/ids/198429-800-800/01.--Refrigerador-Mademsa-Principal--A1200IS-1500px.jpg,https://electroluxcl.vteximg.com.br/arquivos/ids/198430-800-800/03.--Refrigerador-Mademsa-Principal-Sellos-A1200IS-1500px.jpg,https://electroluxcl.vteximg.com.br/arquivos/ids/198431-800-800/04.--Refrigerador-Mademsa-Dimensiones-A1200IS-1500px.jpg,https://electroluxcl.vteximg.com.br/arquivos/ids/198432-800-800/05.--Refrigerador-Mademsa-Abierto-A1200IS-1500px.jpg,2026-09-30T03:29:17Z
856904419,900277017,Refrigerador Mademsa 242L No Frost Top Freezer Inverter Altus 1250IN Negro,Mademsa,Refrigeración,SI,https://www.tiendamademsa.cl/refrigerador-mademsa-242l-no-frost-top-freezer-inverter-altus-a1250in-negro/p,https://electroluxcl.vteximg.com.br/arquivos/ids/198462-800-800/01.--Refrigerador-Mademsa-Principal--A1250IN-1500px.jpg,https://electroluxcl.vteximg.com.br/arquivos/ids/198463-800-800/03.--Refrigerador-Mademsa-Principal-Sellos-A1250IN-1500px.jpg,https://electroluxcl.vteximg.com.br/arquivos/ids/198464-800-800/04.--Refrigerador-Mademsa-Dimensiones-A1250IN-1500px.jpg,https://electroluxcl.vteximg.com.br/arquivos/ids/198465-800-800/05.--Refrigerador-Mademsa-Abierto-A1250IN-1500px.jpg,2026-09-30T03:29:17Z
856904420,900277016,Refrigerador Mademsa 242L No Frost Top Freezer Inverter Altus 1250IS Silver,Mademsa,Refrigeración,SI,https://www.tiendamademsa.cl/refrigerador-mademsa-242l-no-frost-top-freezer-inverter-altus-a1250is-silver/p,https://electroluxcl.vteximg.com.br/arquivos/ids/198440-800-800/01.--Refrigerador-Mademsa-Principal--A1250IS-1500px.jpg,https://electroluxcl.vteximg.com.br/arquivos/ids/198441-800-800/03.--Refrigerador-Mademsa-Principal-Sellos-A1250IS-1500px.jpg,https://electroluxcl.vteximg.com.br/arquivos/ids/198442-800-800/04.--Refrigerador-Mademsa-Dimensiones-A1250IS-1500px.jpg,https://electroluxcl.vteximg.com.br/arquivos/ids/198443-800-800/05.--Refrigerador-Mademsa-Abierto-A1250IS-1500px.jpg,2026-09-30T03:29:17Z
856904167,240094191,Refrigerador Mademsa 248L Frío Directo Bottom Freezer Puerta Reversible MED250 Silver,Mademsa,Refrigeración,SI,https://www.tiendamademsa.cl/refrigerador-bottom-freezer-med250-248-l/p,https://electroluxcl.vteximg.com.br/arquivos/ids/187433-800-800/01.--Refrigerador-Mademsa-Principal--MED250-1500px.jpg,https://electroluxcl.vteximg.com.br/arquivos/ids/187434-800-800/03.--Refrigerador-Mademsa-Principal-Sellos-MED250-1500px.jpg,https://electroluxcl.vteximg.com.br/arquivos/ids/187435-800-800/04.--Refrigerador-Mademsa-Dimensiones-MED250-1500px.jpg,https://electroluxcl.vteximg.com.br/arquivos/ids/187436-800-800/08.--Refrigerador-Mademsa-Ambientada-MED250-1500px.jpg,2026-09-30T03:29:17Z
856904162,240094164,Refrigerador Mademsa 248L Frío Directo Bottom Freezer Puerta Reversible MED250B Negro,Mademsa,Refrigeración,NO,https://www.tiendamademsa.cl/mademsa-bottom-freezer-frio-directo-negro--med250b-/p,https://electroluxcl.vteximg.com.br/arquivos/ids/191057-800-800/01--RE~1.jpg,https://electroluxcl.vteximg.com.br/arquivos/ids/191058-800-800/03.--Refrigerador-Mademsa-Principal-Sellos-MED250B-1500px.jpg,https://electroluxcl.vteximg.com.br/arquivos/ids/191059-800-800/04.--Refrigerador-Mademsa-Dimensiones-MED250B-1500px.jpg,https://electroluxcl.vteximg.com.br/arquivos/ids/191060-800-800/05.--Refrigerador-Mademsa-Abierto-MED250B-1500px.jpg,2026-09-30T03:29:17Z
856904165,240094165,Refrigerador Mademsa 262L Frío Directo Bottom Freezer Puerta Reversible MED270 Silver,Mademsa,Refrigeración,SI,https://www.tiendamademsa.cl/refrigerador-bottom-freezer-med270-262-l/p,https://electroluxcl.vteximg.com.br/arquivos/ids/187424-800-800/01.--Refrigerador-Mademsa-Principal--MED270-1500px.jpg,https://electroluxcl.vteximg.com.br/arquivos/ids/187425-800-800/03.--Refrigerador-Mademsa-Principal-Sellos-MED270-1500px.jpg,https://electroluxcl.vteximg.com.br/arquivos/ids/187426-800-800/04.--Refrigerador-Mademsa-Dimensiones-MED270-1500px.jpg,https://electroluxcl.vteximg.com.br/arquivos/ids/187427-800-800/08.--Refrigerador-Mademsa-Ambientada-MED270-1500px.jpg,2026-09-30T03:29:17Z
856904166,240094166,Refrigerador Mademsa 262L Frío Directo Bottom Freezer Puerta Reversible MED270B Negro,Mademsa,Refrigeración,SI,https://www.tiendamademsa.cl/refrigerador-bottom-freezer-med270b-262/p,https://electroluxcl.vteximg.com.br/arquivos/ids/187442-800-800/01.--Refrigerador-Mademsa-Principal--MED270B-1500px.jpg,https://electroluxcl.vteximg.com.br/arquivos/ids/187443-800-800/03.--Refrigerador-Mademsa-Principal-Sellos-MED270B-1500px.jpg,https://electroluxcl.vteximg.com.br/arquivos/ids/187444-800-800/04.--Refrigerador-Mademsa-Dimensiones-MED270B-1500px.jpg,https://electroluxcl.vteximg.com.br/arquivos/ids/187445-800-800/08.--Refrigerador-Mademsa-Ambientada-MED270B-1500px.jpg,2026-09-30T03:29:17Z
856904421,900277018,Refrigerador Mademsa 291L No Frost Top Freezer Inverter Dispensador de Agua Altus 1300INW Negro,Mademsa,Refrigeración,SI,https://www.tiendamademsa.cl/refrigerador-mademsa-291l-no-frost-top-freezer-inverter-altus-a1300inw-negro/p,https://electroluxcl.vteximg.com.br/arquivos/ids/199060-800-800/01.--Refrigerador-Mademsa-Principal--A1300INW-1500px.jpg,https://electroluxcl.vteximg.com.br/arquivos/ids/199061-800-800/03.--Refrigerador-Mademsa-Principal-Sellos-A1300INW-1500px.jpg,https://electroluxcl.vteximg.com.br/arquivos/ids/199062-800-800/04.--Refrigerador-Mademsa-Dimensiones-A1300INW-1500px.jpg,https://electroluxcl.vteximg.com.br/arquivos/ids/199063-800-800/05.--Refrigerador-Mademsa-Abierto-A1300INW-1500px.jpg,2026-09-30T03:29:17Z
856903561,240094096,Refrigerador Mademsa 430L No Frost Side by Side Inverter Panel Digital MAS430B Negro,Mademsa,Refrigeración,SI,https://www.tiendamademsa.cl/refrigerador-mademsa-430l-no-frost-side-by-side-con-tecnologia-inverter-negro--mas430b-/p,https://electroluxcl.vteximg.com.br/arquivos/ids/191800-800-800/01.--Refrigerador-Electrolux-Principal--MAS430B-2000px.jpg,https://electroluxcl.vteximg.com.br/arquivos/ids/191801-800-800/03.--Refrigerador-Electrolux-Principal-Sellos-MAS430B--2000px.jpg,https://electroluxcl.vteximg.com.br/arquivos/ids/191802-800-800/04.--Refrigerador-Electrolux-Dimensiones-MAS430B--2000px.jpg,https://electroluxcl.vteximg.com.br/arquivos/ids/191803-800-800/06.--Refrigerador-Electrolux-Abierto-MAS430B-2000px.jpg,2026-09-30T03:29:17Z
856900886,240087597,Juego de Ollas Acero Inoxidable Electrolux,Electrolux,Sartenes y Ollas,SI,,https://electroluxcl.vteximg.com.br/arquivos/ids/184798-800-800/01.---Juego-de-Ollas-Acero-Inox-Electrolux-Principal--2000px.jpg.jpg,,,,2026-09-30T03:29:17Z
856904044,A28751401,Olla Cacerola de Hierro Fundido Esmaltado Electrolux Expert 20 cm,Electrolux,Sartenes y Ollas,SI,,https://electroluxcl.vteximg.com.br/arquivos/ids/187122-800-800/01.--Cacerola-Electrolux-Principal--Expert-20-cm-1500px.jpg,,,,2026-09-30T03:29:17Z
856904045,A28751501,Olla de Hierro Fundido Esmaltado Electrolux Expert  24 cm,Electrolux,Sartenes y Ollas,SI,,https://electroluxcl.vteximg.com.br/arquivos/ids/187107-800-800/01.--Olla-Electrolux-Principal--Expert-24-cm-1500px.jpg,,,,2026-09-30T03:29:17Z
856904261,A27475401,Sartén Antiadherente Electrolux 20 cm,Electrolux,Sartenes y Ollas,SI,,https://electroluxcl.vteximg.com.br/arquivos/ids/187918-800-800/01.--Sarten-20cm-Electrolux-Principal---2000px-2000x2000.raw.jpg,,,,2026-09-30T03:29:17Z
856904259,A21257101,Sartén Antiadherente Electrolux 24 cm,Electrolux,Sartenes y Ollas,SI,,https://electroluxcl.vteximg.com.br/arquivos/ids/187925-800-800/01.--Sarten-24cm-Electrolux-Principal-2000x2000.raw.jpg,,,,2026-09-30T03:29:17Z
856904048,A28751601,Sartén de Hierro Fundido Esmaltado Electrolux Expert 26 cm,Electrolux,Sartenes y Ollas,SI,,https://electroluxcl.vteximg.com.br/arquivos/ids/187094-800-800/01.--Sarten-Electrolux-Principal--Expert-26-cm-1500px.jpg,,,,2026-09-30T03:29:17Z
856903744,A27480301,Wok Antiadherente con Tapa de Vidrio Electrolux 28 cm,Electrolux,Sartenes y Ollas,SI,,https://electroluxcl.vteximg.com.br/arquivos/ids/187941-800-800/01.--Wok-Antiadherente-28cm-Electrolux-Principal---2000px-2000x2000.raw.jpg,,,,2026-09-30T03:29:17Z
856904046,A28751701,Wok de Hierro Fundido Esmaltado Electrolux Expert  30 cm,Electrolux,Sartenes y Ollas,SI,,https://electroluxcl.vteximg.com.br/arquivos/ids/187152-800-800/01.--Wok-Electrolux-Principal--Expert-30-cm-1500px.jpg,,,,2026-09-30T03:29:17Z
856904035,240096076,Secadora de Ropa Mademsa 7Kg Carga Frontal Secado Automático 7D BZG PRO Blanca,Mademsa,Secadoras,NO,https://www.tiendamademsa.cl/secadora-de-ropa-mademsa-7kg-carga-frontal-secado-automatico-7dbzg-blanca/p,https://electroluxcl.vteximg.com.br/arquivos/ids/193047-800-800/7DBZG_2000px.jpg,https://electroluxcl.vteximg.com.br/arquivos/ids/193048-800-800/03.--Secadora-Mademsa-7DBZG-PRO-Mademsa-Principal-Sellos--2000px.jpg,https://electroluxcl.vteximg.com.br/arquivos/ids/193049-800-800/04.--Secadora-Mademsa-7DBZG-PRO-Mademsa-Dimensiones--2000px.jpg,https://electroluxcl.vteximg.com.br/arquivos/ids/193050-800-800/06.--Secadora-Mademsa-7DBZG-PRO-Mademsa-Abierto--2000px.jpg,2026-09-30T03:29:17Z
control-240093825,240093825,Termo Acero Inoxidable Electrolux 1 Lt Sense To Go Negro,Electrolux,Termos,NO,,https://electroluxcl.vteximg.com.br/arquivos/ids/184992/01.--Termo-Electrolux-Principal--SenseToGo-Negro-2000px.jpg.jpg?v=638757582867270000,,,,2026-09-30T03:29:17Z
control-240093903,240093903,Termo Acero Inoxidable Electrolux 1 Lt Sense To Go Verde,Electrolux,Termos,NO,,https://electroluxcl.vteximg.com.br/arquivos/ids/185010/01.--Termo-Electrolux-Principal--SenseToGo-Verde-2000px.jpg.jpg?v=638757588667130000,,,,2026-09-30T03:29:17Z
1675,240055682,Termo Eléctrico Mademsa 100 Litros Mural Term 100 Blanco,Mademsa,Termos,SI,https://www.tiendamademsa.cl/termo-mademsa-term-100/p,https://electroluxcl.vteximg.com.br/arquivos/ids/155641-800-800/240055682_TERMO-MADEMSA-TERM-100_1.png,https://electroluxcl.vteximg.com.br/arquivos/ids/168142-800-800/Termo_TERM_100_Specs_Mademsa_Medidas.jpg,https://electroluxcl.vteximg.com.br/arquivos/ids/168143-800-800/Termo_TERM_100_Specs_Mademsa_DEtalhe1.jpg,https://electroluxcl.vteximg.com.br/arquivos/ids/168144-800-800/Termo_TERM_100_Specs_Mademsa_DEtalhe2.jpg,2026-09-30T03:29:17Z
1680,240064852,Termo Eléctrico Mademsa 120 Litros Mural Term 120 Blanco,Mademsa,Termos,SI,https://www.tiendamademsa.cl/termo-mademsa-term-120/p,https://electroluxcl.vteximg.com.br/arquivos/ids/155644-800-800/240064852_TERMO-MADEMSA-TERM-120_1.png,https://electroluxcl.vteximg.com.br/arquivos/ids/168147-800-800/Termo_TERM_120_Specs_Mademsa_Medidas.jpg,https://electroluxcl.vteximg.com.br/arquivos/ids/168148-800-800/Termo_TERM_120_Specs_Mademsa_Detalhe1.jpg,https://electroluxcl.vteximg.com.br/arquivos/ids/168149-800-800/Termo_TERM_120_Specs_Mademsa_Detalhe2.jpg,2026-09-30T03:29:17Z
1679,240064853,Termo Eléctrico Mademsa 150 Litros Mural Term 150 Blanco,Mademsa,Termos,SI,https://www.tiendamademsa.cl/termo-mademsa-term-150/p,https://electroluxcl.vteximg.com.br/arquivos/ids/155643-800-800/240064853_TERMO-MADEMSA-TERM-150_1.png,https://electroluxcl.vteximg.com.br/arquivos/ids/168152-800-800/Termo_TERM_150_Specs_Mademsa_Medidas.jpg,https://electroluxcl.vteximg.com.br/arquivos/ids/168153-800-800/Termo_TERM_150_Specs_Mademsa_Detalhe1.jpg,https://electroluxcl.vteximg.com.br/arquivos/ids/168154-800-800/Termo_TERM_150_Specs_Mademsa_Detalhe2.jpg,2026-09-30T03:29:17Z
1678,240055681,Termo Eléctrico Mademsa 80 Litros Mural Term 80 Blanco,Mademsa,Termos,SI,https://www.tiendamademsa.cl/termo-mademsa-term-80/p,https://electroluxcl.vteximg.com.br/arquivos/ids/155642-800-800/240055681_TERMO-MADEMSA-TERM-80_1.png,https://electroluxcl.vteximg.com.br/arquivos/ids/168136-800-800/Termo_TERM_80_Specs_Mademsa_Medias1.jpg,https://electroluxcl.vteximg.com.br/arquivos/ids/168137-800-800/Termo_TERM_80_Specs_Mademsa_Detalhe1.jpg,https://electroluxcl.vteximg.com.br/arquivos/ids/168138-800-800/Termo_TERM_80_Specs_Mademsa_Detalhe2.jpg,2026-09-30T03:29:17Z
control-240093824,240093824,Vaso Térmico Mug 560 ml Electrolux Tapa Sense to Go Negro,Electrolux,Termos,NO,,https://electroluxcl.vteximg.com.br/arquivos/ids/184972/01.--Termo-Electrolux-Principal--Mug-Negro-2000px.jpg.jpg?v=638757579191330000,,,,2026-09-30T03:29:17Z
856904369,900276848,Tostador Electrolux 2 Rebanadas con 7 Niveles de Tostado TOP70 Acero Inoxidable,Electrolux,Tostador,SI,https://www.electrolux.cl/tostador-electrico-electrolux-expert-7-niveles-de-tostado-acero-inoxidable-y-gris-top70/p,https://electroluxcl.vteximg.com.br/arquivos/ids/198245-800-800/01.--Tostador-Electrolux-Principal--TOP70-2000px.jpg,https://electroluxcl.vteximg.com.br/arquivos/ids/198246-800-800/03.--Tostador-Electrolux-Principal-Sellos-TOP70-2000px.jpg,https://electroluxcl.vteximg.com.br/arquivos/ids/198247-800-800/04.--Tostador-Electrolux-Dimensiones-TOP70-2000px.jpg,https://electroluxcl.vteximg.com.br/arquivos/ids/198248-800-800/05.--Tostador-Electrolux-Contenido-TOP70-2000px.jpg,2026-09-30T03:29:17Z
856905026,900277052,Tostador Eléctrico Mademsa 2 Rebanadas con 8 Niveles de Tostado 860W MTS60 Negro,Mademsa,Tostador,SI,https://www.tiendamademsa.cl/tostador-mademsa-con-8-niveles-de-tostado-3-funciones-y-panel-digital-860w-mts60-negro/p,https://electroluxcl.vteximg.com.br/arquivos/ids/198421-800-800/01.--Tostador-Mademsa-Principal-MTS60-2000px.jpg,https://electroluxcl.vteximg.com.br/arquivos/ids/198422-800-800/03.--Tostador-Mademsa-Principal-Sellos-MTS60-2000px.jpg,https://electroluxcl.vteximg.com.br/arquivos/ids/198423-800-800/04.--Tostador-Mademsa-Dimensiones-MTS60-2000px.jpg,https://electroluxcl.vteximg.com.br/arquivos/ids/198424-800-800/06.--Tostador-Mademsa-Superior-MTS60-2000px.jpg,2026-09-30T03:29:17Z
856903089,955117819,Tostador Mademsa con 7 Niveles de Tostado y 3 Funciones 730W MTS25 Acero Inoxidable,Mademsa,Tostador,SI,https://www.tiendamademsa.cl/tostador-mademsa-7-niveles-en-acero-inoxidable-800w--mts25-/p,https://electroluxcl.vteximg.com.br/arquivos/ids/191482-800-800/01.--Tostador-Mademsa-Principal-MTS25-1500px.jpg,https://electroluxcl.vteximg.com.br/arquivos/ids/191483-800-800/03.--Tostador-Mademsa-Principal-Sellos-MTS25-1500px.jpg,https://electroluxcl.vteximg.com.br/arquivos/ids/191484-800-800/04.--Tostador-Mademsa-Dimensiones-MTS25-1500px.jpg,https://electroluxcl.vteximg.com.br/arquivos/ids/191485-800-800/05.--Tostador-Mademsa-Perspectiva-MTS25-1500px.jpg,2026-09-30T03:29:17Z
856901348,240087850,Bolsa Reutilizable Selladora al Vacío Portátil Fensa 10 Un,Fensa,Utensilios,SI,,https://electroluxcl.vteximg.com.br/arquivos/ids/183517-800-800/01.--Bolsa-sellado-al-vacio-Fensa-Principal-Bolsa-2000px.jpg.jpg,,,,2026-09-30T03:29:17Z
control-240088441,240088441,Bolsas Desechables Selladora al Vacío Fensa 20 Un,Fensa,Utensilios,NO,,https://electroluxcl.vteximg.com.br/arquivos/ids/175783/41042588-isolado_1500x1500--1-.jpg?v=638210812761970000,,,,2026-09-30T03:29:17Z
control-A21392801,A21392801,Contenedores de Vidrio y Tapa de Bambú Electrolux,Electrolux,Utensilios,NO,,https://electroluxcl.vteximg.com.br/arquivos/ids/187911/01.--Contenedores-de-vidrio-Electrolux-Principal--con-tapa-de-Bambu-1500px-1500x1500.raw.jpg?v=638920689703870000,,,,2026-09-30T03:29:17Z
856904260,A21194501,Juego de Cuchillos de Acero Inoxidable Electrolux,Electrolux,Utensilios,SI,,https://electroluxcl.vteximg.com.br/arquivos/ids/187950-800-800/01.--Juego-de-cuchillos-de-acero-Inox-Electrolux-Principal---2000px-2000x2000.raw.jpg,,,,2026-09-30T03:29:17Z
856900925,240087600,Piedra para Pizza Fensa Piedra con Asas de Cobre,Fensa,Utensilios,SI,,https://electroluxcl.vteximg.com.br/arquivos/ids/171528-800-800/IS7A9588_fensa-principal.jpg,,,,2026-09-30T03:29:17Z
control-A18950201,A18950201,Plancha Churrasquera Grill Hierro Fundido Electrolux,Electrolux,Utensilios,NO,,https://electroluxcl.vteximg.com.br/arquivos/ids/197601/A18950201 -6-.png?v=639172301903270000,,,,2026-09-30T03:29:17Z
control-240087504,240087504,Selladora al Vacío Fensa,Fensa,Utensilios,NO,,https://electroluxcl.vteximg.com.br/arquivos/ids/189076/02.--Selladora-al-vacio-Fensa-Principal-bolsa-VCFENSA01-20-2000px.jpg.jpg?v=638967352389600000,,,,2026-09-30T03:29:17Z
856901349,240087911,Selladora al Vacío Portátil Fensa con 2 Contenedores Herméticos,Fensa,Utensilios,SI,,https://electroluxcl.vteximg.com.br/arquivos/ids/184765-800-800/01.--Selladora-al-vacio-Fensa-pack--Selladora-potes-2000px.jpg.jpg,,,,2026-09-30T03:29:17Z
856901347,240087849,Selladora al Vacío Portátil Fensa con 5 Bolsas Reutilizables,Fensa,Utensilios,SI,,https://electroluxcl.vteximg.com.br/arquivos/ids/192242-800-800/Multimedia--2-.jpg,,,,2026-09-30T03:29:17Z
856902802,240092965,Set Bowls Acero Inoxidable Fensa Multiuso 3 Unidades Tapa de Plástico,Fensa,Utensilios,SI,,https://electroluxcl.vteximg.com.br/arquivos/ids/189272-800-800/01.--Set-de-Bowls-Fensa-Principal-BPEBR01-2000px.jpg,,,,2026-09-30T03:29:17Z
control-240087928,240087928,Set Contenedores de Plástico Fensa 8 Unidades,Fensa,Utensilios,NO,,https://electroluxcl.vteximg.com.br/arquivos/ids/184752/01.--Pote-plastico-Fensa-Principal--Tapa-gris-8X-2000px.jpg.jpg?v=638755737048370000,,,,2026-09-30T03:29:17Z
control-240087921,240087921,Set Contenedores de Plástico Herméticos Fensa 4 Unidades,Fensa,Utensilios,NO,,https://electroluxcl.vteximg.com.br/arquivos/ids/184778/175831-1200-1200.jpg.jpg?v=638755738814770000,,,,2026-09-30T03:29:17Z
856901395,240087924,Set Contenedores de Plástico Mademsa 12 Unidades,Mademsa,Utensilios,SI,,https://electroluxcl.vteximg.com.br/arquivos/ids/184735-800-800/01.--Pote-plastico-Mademsa-Principal--Tapa-naranjo-12X-1500px.jpg,,,,2026-09-30T03:29:17Z
control-240087923,240087923,Set Contenedores de Plástico Mademsa 8 Unidades,Mademsa,Utensilios,NO,,https://electroluxcl.vteximg.com.br/arquivos/ids/184746/01.--Pote-plastico-Mademsa-Principal--Tapa-naranjo-8X-1500px.jpg?v=638755736494930000,,,,2026-09-30T03:29:17Z
856902030,240092742,Set Corchos de Vino Sellado al Vacío Fensa 3 Unidades,Fensa,Utensilios,SI,,https://electroluxcl.vteximg.com.br/arquivos/ids/184810-800-800/01.--Tapon-para-vino-sellado-al-vaciox3-Electrolux-Principal--2000px.jpg.jpg,,,,2026-09-30T03:29:17Z
